product,rating,price,product url
"Bluetooth Headphones Over Ear,BERIBES 65H Playtime and 6 EQ Music Modes Wireless Headphones with Microphone,HiFi Stereo Foldable Lightweight Headset, Deep Bass for Home Office Cellphone PC Etc.(Green) ",4.5 out of 5 stars,2152,https://amazon.com/gp/slredirect/picassoRedirect.html/ref=pa_sp_atf_next_aps_sr_pg4_1?ie=UTF8&adId=A054851411AGAS8R26N5&qualifier=1683038460&id=2017801929764328&widgetName=sp_atf_next&url=%2FBluetooth-Headphones-BERIBES-Microphone-Lightweight%2Fdp%2FB0BV9F196L%2Fref%3Dsr_1_49_sspa%3Fkeywords%3Dairdopes%26qid%3D1683038460%26sr%3D8-49-spons%26psc%3D1
"Wireless Earbuds, Bluetooth 5.2 Earbuds 40H Playtime with LED Power Display Charging Case, Ear Buds IPX7 Waterproof Built-in Microphone, Earbuds Wireless Bluetooth for iOS/Android ",4.8 out of 5 stars,1986,https://amazon.com/gp/slredirect/picassoRedirect.html/ref=pa_sp_atf_next_aps_sr_pg4_1?ie=UTF8&adId=A0404701U7J8PBDW6ABB&qualifier=1683038460&id=2017801929764328&widgetName=sp_atf_next&url=%2FWireless-Bluetooth-Playtime-Waterproof-Microphone%2Fdp%2FB0C3LKNWTH%2Fref%3Dsr_1_50_sspa%3Fkeywords%3Dairdopes%26qid%3D1683038460%26sr%3D8-50-spons%26psc%3D1%26smid%3DA8Q8S5OC4G8VH
"PHILIPS ActionFit ST702 True Wireless Bluetooth Earbuds, TWS, Noise Isolation, Lightweight, Stereo with IPX5 Splash Resistance and UV Cleaning Charging case - Black (TAST702BK) ",3.0 out of 5 stars,9517,https://amazon.com/Philips-ActionFit-ST702-Lightweight-Resistance/dp/B083RZQRXN/ref=sr_1_51?keywords=airdopes&qid=1683038460&sr=8-51
occiam Wireless Earbuds Bluetooth Headphones 48H Play Back Earphones in Ear Waterproof with Microphone LED Display for Sports Running Workout Black ,4.3 out of 5 stars,2400,https://amazon.com/Bluetooth-Headphones-True-Waterproof-Microphone-Workout-Black/dp/B08H1WNYTR/ref=sr_1_52?keywords=airdopes&qid=1683038460&sr=8-52
"Tribit 2021 Wireless Earbuds, Qualcomm QCC3040 50H Playtime 4 Mics CVC 8.0 Noise Reduction Bluetooth 5.2 Clear Calls Volume Control True Wireless Earbuds Bluetooth Earphones, Flybuds C1 ",4.0 out of 5 stars,4883,https://amazon.com/Wireless-Tribit-Bluetooth-Reduction-Earphones/dp/B08QZGH5PC/ref=sr_1_53?keywords=airdopes&qid=1683038460&sr=8-53
"ZTOZ Wireless Earbuds Bluetooth 5.0 Headphones with Immersive Bass Sound, Mini Charging Case, Waterproof Earphones for Sport/Work, Headsets Compatible with iPhone/Android/PC, (White) ",3.6 out of 5 stars,1324,https://amazon.com/ZTOZ-Bluetooth-Headphones-Waterproof-Compatible/dp/B0BH4VZKQ5/ref=sr_1_54?keywords=airdopes&qid=1683038460&sr=8-54
"Skullcandy Indy Evo True Wireless In-Ear Bluetooth Earbuds, Compatible with iPhone and Android / Charging Case and Microphone / Great for Gym, Sports, and Gaming, IP55 Water Dust Resistant - Red ",4.0 out of 5 stars,2814,https://amazon.com/Skullcandy-Indy-True-Wireless-Earbud/dp/B0857JQFYP/ref=sr_1_55?keywords=airdopes&qid=1683038460&sr=8-55
"ZIZVAV Wireless Bluetooth 5.3 Earbuds Compatible with iPhone & Android, Deep Bass Noise Cancelling Headphones with 4 Mic,27H Playtime,IPX5 Sweat Resistant,HiFi Stereo Sound in-Ear Blue Tooth Earphones ",4.4 out of 5 stars,2400,https://amazon.com/ZIZVAV-Bluetooth-Compatible-Cancelling-Headphones/dp/B0BR7657ZY/ref=sr_1_56?keywords=airdopes&qid=1683038460&sr=8-56
"yobola Wireless Earbuds, Bluetoth Earbuds, IPX5 Waterproof Wireless Headphones Touch Control, Bluetoth Headphones 5.1 Built-in Microphone, 25 Hrs with USB-C Charging with Running/Fitness ",4.3 out of 5 stars,2069,https://amazon.com/yobola-Bluetooth-Waterproof-Headphones-Microphone/dp/B09LCXCK88/ref=sr_1_57?keywords=airdopes&qid=1683038460&sr=8-57
"Wireless Earbuds, Bluetooth Headphones with Microphone, IPX7 Waterproof, 35H Playtime, High-Fidelity Stereo Earphones,Compatible with Apple/iOS/Android,for Running/Fitness/Work - Pink ",3.9 out of 5 stars,662,https://amazon.com/Headphones-Microphone-Waterproof-High-Fidelity-Compatible/dp/B0BKZRQCQ2/ref=sr_1_58?keywords=airdopes&qid=1683038460&sr=8-58
Bluetooth Headphones Wireless Earbuds Bass Stereo Sound with Wireless Charging Case 48H Playback Earphones LED Display With Built in Mic and Over Earhooks Waterproof Headset for Running Workout Sports ,4.8 out of 5 stars,2069,https://amazon.com/gp/slredirect/picassoRedirect.html/ref=pa_sp_mtf_aps_sr_pg4_1?ie=UTF8&adId=A06870403MS4VN7XO6ASJ&qualifier=1683038460&id=2017801929764328&widgetName=sp_mtf&url=%2FBluetooth-Headphones-Wireless-Earphones-Waterproof%2Fdp%2FB0BY9F5KNG%2Fref%3Dsr_1_59_sspa%3Fkeywords%3Dairdopes%26qid%3D1683038460%26sr%3D8-59-spons%26psc%3D1
"Ajblg Wireless Headphones, X15 Wireless Earbuds Bluetooth Headphones with Mic,35H Play Time USB C Earphones Ipx7 Waterproof Earbuds Wireless Deep Bass Digital Display ",4.7 out of 5 stars,2400,https://amazon.com/gp/slredirect/picassoRedirect.html/ref=pa_sp_mtf_aps_sr_pg4_1?ie=UTF8&adId=A0777019RJK57V3541JK&qualifier=1683038460&id=2017801929764328&widgetName=sp_mtf&url=%2FAjblg-Headphones-X15-Bluetooth-Waterproof%2Fdp%2FB0BHP3FCSD%2Fref%3Dsr_1_60_sspa%3Fkeywords%3Dairdopes%26qid%3D1683038460%26sr%3D8-60-spons%26psc%3D1
APEKX Bluetooth Headphones True Wireless Earbuds with Charging Case IPX7 Waterproof Stereo Sound Earphones Built-in Mic in-Ear Headsets Deep Bass for Sport Running Green ,4.1 out of 5 stars,2400,https://amazon.com/APEKX-Bluetooth-Headphones-Waterproof-Earphones/dp/B087C3RQY2/ref=sr_1_62?keywords=airdopes&qid=1683038460&sr=8-62
"weetla Wireless Earbuds, Bluetooth5.2 Deep Bass Headphones with 4 Mics, 30 Hours Playtime, IPX7 Waterproof Stereo Sport Earphones in-Ear Buds for iOS & Android Black ",4.3 out of 5 stars,1821,https://amazon.com/Wireless-Bluetooth5-2-Headphones-Waterproof-Earphones/dp/B09MTCTKZF/ref=sr_1_63?keywords=airdopes&qid=1683038460&sr=8-63
"Skullcandy Indy Evo True Wireless In-Ear Bluetooth Earbuds Compatible with iPhone and Android / Charging Case and Microphone / Great for Gym, Sports, and Gaming, IP55 Water Dust Resistant - Black ",4.0 out of 5 stars,2814,https://amazon.com/Skullcandy-Indy-True-Wireless-Earbud/dp/B084SC59D7/ref=sr_1_64?keywords=airdopes&qid=1683038460&sr=8-64
"eleror Invisible Wireless Blue Tooth Earbuds Mini Earpiece Small Ear Buds Semi in-Ear Headphone Touch Control for Work, Home, Music, Audiobooks and Podcasts(Ivory) ",3.4 out of 5 stars,2317,https://amazon.com/eleror-Wireless-Bluetooth-Headphone-Handsfree/dp/B09M6FWWLW/ref=sr_1_66?keywords=airdopes&qid=1683038460&sr=8-66
Wireless Earbuds Bluetooth Headphones IPX7 Waterproof Bluetooth Earbuds 30H Playtime Headset with Charging Case Wireless Bluetooth Earphones with Mic for iPhone/Samsung/Android (White) ,3.7 out of 5 stars,1324,https://amazon.com/Wireless-Bluetooth-Headphones-Waterproof-Earphones/dp/B0BNX8Y6NT/ref=sr_1_67?keywords=airdopes&qid=1683038460&sr=8-67
Liauekay Wireless Earbud Bluetooth 5.2 in Ear Wireless Headphones 3D Stereo Bluetooth Headphones with Charging Case Pop-ups Auto Pairing Headset for iPhone/AirPos pro/Android ,4.7 out of 5 stars,3228,https://amazon.com/gp/slredirect/picassoRedirect.html/ref=pa_sp_btf_aps_sr_pg4_1?ie=UTF8&adId=A05940862WKS2REIXFD1E&qualifier=1683038460&id=2017801929764328&widgetName=sp_btf&url=%2FLiauekay-Wireless-Bluetooth-Headphones-Charging%2Fdp%2FB0BVR5LCRP%2Fref%3Dsr_1_69_sspa%3Fkeywords%3Dairdopes%26qid%3D1683038460%26sr%3D8-69-spons%26psc%3D1
Wireless Earbuds Bluetooth Headphones 130Hrs Playtime with 2500mAh Wireless Charging Case LED Diaplay Hi-Fi Waterproof Over Ear Earphones for Sports Running Workout Gaming ,4.7 out of 5 stars,2814,https://amazon.com/gp/slredirect/picassoRedirect.html/ref=pa_sp_btf_aps_sr_pg4_1?ie=UTF8&adId=A025075935CBM7RU7BIWM&qualifier=1683038460&id=2017801929764328&widgetName=sp_btf&url=%2FWireless-Bluetooth-Headphones-Waterproof-Earphones%2Fdp%2FB0BRVCVNTP%2Fref%3Dsr_1_70_sspa%3Fkeywords%3Dairdopes%26qid%3D1683038460%26sr%3D8-70-spons%26psc%3D1
