Product Name,Price,Rating,link
"boAt Airdopes 161 with ASAP Charge, 10mm Drivers and 17...",1099,4.1,https://www.flipkart.com/boat-airdopes-161-asap-charge-10mm-drivers-17-hours-playback-bluetooth-headset/product-reviews/itm8a7493150ae4a?pid=ACCG6DS7WDJHGWSH&lid=LSTACCG6DS7WDJHGWSH4INU8G&marketplace=FLIPKART&q=airdopes&store=0pm%2Ffcn%2F821%2Fa7x%2F2si&spotlightTagId=BestsellerId_0pm%2Ffcn%2F821%2Fa7x%2F2si&srno=s_1_1&otracker=search&otracker1=search&fm=organic&iid=02695699-2265-4f80-88fe-8c148a807938.ACCG6DS7WDJHGWSH.SEARCH&ppt=None&ppn=None&ssid=p2r20ngd6o0000001683038463392&qH=98db617f57fac13f
"boAt Airdopes 161 with ASAP Charge, 10mm Drivers and 17...",1099,4.1,https://www.flipkart.com/boat-airdopes-161-asap-charge-10mm-drivers-17-20-hours-playback-bluetooth-headset/product-reviews/itm44896573d8f03?pid=ACCG6DS7Z2Z8SEAF&lid=LSTACCG6DS7Z2Z8SEAFNUOPJZ&marketplace=FLIPKART&q=airdopes&store=0pm%2Ffcn%2F821%2Fa7x%2F2si&srno=s_1_2&otracker=search&otracker1=search&fm=organic&iid=02695699-2265-4f80-88fe-8c148a807938.ACCG6DS7Z2Z8SEAF.SEARCH&ppt=None&ppn=None&ssid=p2r20ngd6o0000001683038463392&qH=98db617f57fac13f
"boAt Airdopes 131 PRO with 11mm Drivers,45Hrs Playback,...",1199,4.1,https://www.flipkart.com/boat-airdopes-131-pro-11mm-drivers-45hrs-playback-asap-charge-quad-mic-enx-bluetooth-headset/product-reviews/itmb8dea5750714c?pid=ACCGDQMA9QHE6D5C&lid=LSTACCGDQMA9QHE6D5CDPMA74&marketplace=FLIPKART&q=airdopes&store=0pm%2Ffcn%2F821%2Fa7x%2F2si&srno=s_1_3&otracker=search&otracker1=search&fm=organic&iid=02695699-2265-4f80-88fe-8c148a807938.ACCGDQMA9QHE6D5C.SEARCH&ppt=None&ppn=None&ssid=p2r20ngd6o0000001683038463392&qH=98db617f57fac13f
"boAt Airdopes 161 with ASAP Charge, 10mm Drivers and 17...",1099,4.1,https://www.flipkart.com/boat-airdopes-161-asap-charge-10mm-drivers-17-hours-playback-bluetooth-headset/product-reviews/itm0611c83d26e85?pid=ACCG6DS9ZH2ECDBG&lid=LSTACCG6DS9ZH2ECDBGK3UNEL&marketplace=FLIPKART&q=airdopes&store=0pm%2Ffcn%2F821%2Fa7x%2F2si&srno=s_1_4&otracker=search&otracker1=search&fm=organic&iid=02695699-2265-4f80-88fe-8c148a807938.ACCG6DS9ZH2ECDBG.SEARCH&ppt=None&ppn=None&ssid=p2r20ngd6o0000001683038463392&qH=98db617f57fac13f
"boAt Airdopes 131 PRO with 11mm Drivers,45Hrs Playback,...",1199,4.1,https://www.flipkart.com/boat-airdopes-131-pro-11mm-drivers-45hrs-playback-asap-charge-quad-mic-enx-bluetooth-headset/product-reviews/itm73124ae3e46b1?pid=ACCGDQMA2GDTZHWR&lid=LSTACCGDQMA2GDTZHWR12YWMJ&marketplace=FLIPKART&q=airdopes&store=0pm%2Ffcn%2F821%2Fa7x%2F2si&srno=s_1_5&otracker=search&otracker1=search&fm=organic&iid=02695699-2265-4f80-88fe-8c148a807938.ACCGDQMA2GDTZHWR.SEARCH&ppt=None&ppn=None&ssid=p2r20ngd6o0000001683038463392&qH=98db617f57fac13f
boAt Airdopes 131 with upto 60 Hours and ASAP Charge Bl...,1299,4.1,https://www.flipkart.com/boat-airdopes-131-upto-60-hours-asap-charge-bluetooth-headset/product-reviews/itmf76c6f983fbca?pid=ACCFSDGXX3S6DVBG&lid=LSTACCFSDGXX3S6DVBGDAFDIO&marketplace=FLIPKART&q=airdopes&store=0pm%2Ffcn%2F821%2Fa7x%2F2si&spotlightTagId=BestsellerId_0pm%2Ffcn%2F821%2Fa7x%2F2si&srno=s_1_6&otracker=search&otracker1=search&fm=organic&iid=02695699-2265-4f80-88fe-8c148a807938.ACCFSDGXX3S6DVBG.SEARCH&ppt=None&ppn=None&ssid=p2r20ngd6o0000001683038463392&qH=98db617f57fac13f
boAt Airdopes 131 with upto 60 Hours and ASAP Charge Bl...,1299,4.1,https://www.flipkart.com/boat-airdopes-131-upto-60-hours-asap-charge-bluetooth-headset/product-reviews/itmf77ad6e8eecf1?pid=ACCFSDGX68PUKJYE&lid=LSTACCFSDGX68PUKJYEZ2TOCP&marketplace=FLIPKART&q=airdopes&store=0pm%2Ffcn%2F821%2Fa7x%2F2si&spotlightTagId=BestsellerId_0pm%2Ffcn%2F821%2Fa7x%2F2si&srno=s_1_7&otracker=search&otracker1=search&fm=organic&iid=02695699-2265-4f80-88fe-8c148a807938.ACCFSDGX68PUKJYE.SEARCH&ppt=None&ppn=None&ssid=p2r20ngd6o0000001683038463392&qH=98db617f57fac13f
"boAt Airdopes 131 PRO with 11mm Drivers,45Hrs Playback,...",1199,4.1,https://www.flipkart.com/boat-airdopes-131-pro-11mm-drivers-45hrs-playback-asap-charge-quad-mic-enx-bluetooth-headset/product-reviews/itm930b9c19d6c16?pid=ACCGDQMAEC8ZCB5Z&lid=LSTACCGDQMAEC8ZCB5ZP5Q9VR&marketplace=FLIPKART&q=airdopes&store=0pm%2Ffcn%2F821%2Fa7x%2F2si&srno=s_1_8&otracker=search&otracker1=search&fm=organic&iid=02695699-2265-4f80-88fe-8c148a807938.ACCGDQMAEC8ZCB5Z.SEARCH&ppt=None&ppn=None&ssid=p2r20ngd6o0000001683038463392&qH=98db617f57fac13f
"boAt Airdopes 131 PRO with 11mm Drivers,45Hrs Playback,...",1199,4.1,https://www.flipkart.com/boat-airdopes-131-pro-11mm-drivers-45hrs-playback-asap-charge-quad-mic-enx-bluetooth-headset/product-reviews/itmcc69b0a798a50?pid=ACCGDQMAAJAZBZ43&lid=LSTACCGDQMAAJAZBZ43IX9D6F&marketplace=FLIPKART&q=airdopes&store=0pm%2Ffcn%2F821%2Fa7x%2F2si&spotlightTagId=FkPickId_0pm%2Ffcn%2F821%2Fa7x%2F2si&srno=s_1_9&otracker=search&otracker1=search&fm=organic&iid=02695699-2265-4f80-88fe-8c148a807938.ACCGDQMAAJAZBZ43.SEARCH&ppt=None&ppn=None&ssid=p2r20ngd6o0000001683038463392&qH=98db617f57fac13f
boAt Airdopes 163 Bluetooth Headset,1399,4.1,https://www.flipkart.com/boat-airdopes-163-bluetooth-headset/product-reviews/itm56d495a5b6dc7?pid=ACCGHTHQTQMGZYPC&lid=LSTACCGHTHQTQMGZYPCWE96LC&marketplace=FLIPKART&q=airdopes&store=0pm%2Ffcn%2F821%2Fa7x%2F2si&srno=s_1_10&otracker=search&otracker1=search&fm=organic&iid=02695699-2265-4f80-88fe-8c148a807938.ACCGHTHQTQMGZYPC.SEARCH&ppt=None&ppn=None&ssid=p2r20ngd6o0000001683038463392&qH=98db617f57fac13f
"boAt Airdopes Atom 83 with 50Hrs Playback, Quad Mics EN...",1499,4.1,https://www.flipkart.com/boat-airdopes-atom-83-50hrs-playback-quad-mics-enx-technology-beast-mode-bluetooth-headset/product-reviews/itm942a1b95b3bcd?pid=ACCGK7UN9BNTPFFE&lid=LSTACCGK7UN9BNTPFFEXRDKEO&marketplace=FLIPKART&q=airdopes&store=0pm%2Ffcn%2F821%2Fa7x%2F2si&srno=s_1_11&otracker=search&otracker1=search&fm=organic&iid=02695699-2265-4f80-88fe-8c148a807938.ACCGK7UN9BNTPFFE.SEARCH&ppt=None&ppn=None&ssid=p2r20ngd6o0000001683038463392&qH=98db617f57fac13f
boAt Airdopes 131 with upto 60 Hours and ASAP Charge Bl...,1299,4.1,https://www.flipkart.com/boat-airdopes-131-upto-60-hours-asap-charge-bluetooth-headset/product-reviews/itm791b64335e2bf?pid=ACCG48F2YZNGZ8D2&lid=LSTACCG48F2YZNGZ8D2J0UGOO&marketplace=FLIPKART&q=airdopes&store=0pm%2Ffcn%2F821%2Fa7x%2F2si&srno=s_1_12&otracker=search&otracker1=search&fm=organic&iid=02695699-2265-4f80-88fe-8c148a807938.ACCG48F2YZNGZ8D2.SEARCH&ppt=None&ppn=None&ssid=p2r20ngd6o0000001683038463392&qH=98db617f57fac13f
boAt Airdopes 131 Black Panther Edition with 15 Hours P...,1499,4.1,https://www.flipkart.com/boat-airdopes-131-black-panther-15-hours-playtime-bluetooth-headset/product-reviews/itmfdedc7e0bcbf7?pid=ACCG7SCYXZZR7VAR&lid=LSTACCG7SCYXZZR7VARNE3PGL&marketplace=FLIPKART&q=airdopes&store=0pm%2Ffcn%2F821%2Fa7x%2F2si&srno=s_1_13&otracker=search&otracker1=search&fm=organic&iid=02695699-2265-4f80-88fe-8c148a807938.ACCG7SCYXZZR7VAR.SEARCH&ppt=None&ppn=None&ssid=p2r20ngd6o0000001683038463392&qH=98db617f57fac13f
"boAt Airdopes Atom 83 with 50Hrs Playback, Quad Mics EN...",1499,4.1,https://www.flipkart.com/boat-airdopes-atom-83-50hrs-playback-quad-mics-enx-technology-beast-mode-bluetooth-headset/product-reviews/itmc235e8b6abc61?pid=ACCGK7UNAMF9PSG8&lid=LSTACCGK7UNAMF9PSG8FAD6C3&marketplace=FLIPKART&q=airdopes&store=0pm%2Ffcn%2F821%2Fa7x%2F2si&srno=s_1_14&otracker=search&otracker1=search&fm=organic&iid=02695699-2265-4f80-88fe-8c148a807938.ACCGK7UNAMF9PSG8.SEARCH&ppt=None&ppn=None&ssid=p2r20ngd6o0000001683038463392&qH=98db617f57fac13f
boAt Airdopes 381 with upto 20 Hours Playback and ASAP ...,1799,4.1,https://www.flipkart.com/boat-airdopes-381-upto-20-hours-playback-asap-charge-bluetooth-headset/product-reviews/itm3abf72b28ba37?pid=ACCG9WG9XUTQPXDC&lid=LSTACCG9WG9XUTQPXDCFKNQED&marketplace=FLIPKART&q=airdopes&store=0pm%2Ffcn%2F821%2Fa7x%2F2si&srno=s_1_15&otracker=search&otracker1=search&fm=organic&iid=02695699-2265-4f80-88fe-8c148a807938.ACCG9WG9XUTQPXDC.SEARCH&ppt=None&ppn=None&ssid=p2r20ngd6o0000001683038463392&qH=98db617f57fac13f
boAt Airdopes 131 with upto 60 Hours and ASAP Charge Bl...,1299,4.1,https://www.flipkart.com/boat-airdopes-131-upto-60-hours-asap-charge-bluetooth-headset/product-reviews/itma0e5a4811e6b1?pid=ACCGDDVW85MHXTET&lid=LSTACCGDDVW85MHXTETHE1TDH&marketplace=FLIPKART&q=airdopes&store=0pm%2Ffcn%2F821%2Fa7x%2F2si&srno=s_1_16&otracker=search&otracker1=search&fm=organic&iid=02695699-2265-4f80-88fe-8c148a807938.ACCGDDVW85MHXTET.SEARCH&ppt=None&ppn=None&ssid=p2r20ngd6o0000001683038463392&qH=98db617f57fac13f
"boAt Airdopes 191G with 6mm Dual Drivers, Quad Mics ENx...",1499,4.1,https://www.flipkart.com/boat-airdopes-191g-6mm-dual-drivers-quad-mics-enx-tech-beast-mode-gaming-bluetooth-headset/product-reviews/itm08504c83119e6?pid=ACCGBN34T9ZVZZ5G&lid=LSTACCGBN34T9ZVZZ5GZZMGJ8&marketplace=FLIPKART&q=airdopes&store=0pm%2Ffcn%2F821%2Fa7x%2F2si&srno=s_1_17&otracker=search&otracker1=search&fm=organic&iid=02695699-2265-4f80-88fe-8c148a807938.ACCGBN34T9ZVZZ5G.SEARCH&ppt=None&ppn=None&ssid=p2r20ngd6o0000001683038463392&qH=98db617f57fac13f
boAt Airdopes 381 with upto 20 Hours Playback and ASAP ...,1799,4.1,https://www.flipkart.com/boat-airdopes-381-upto-20-hours-playback-asap-charge-bluetooth-headset/product-reviews/itm20eb94cb9da9d?pid=ACCFVGUUCYC4JU5F&lid=LSTACCFVGUUCYC4JU5FITRBLA&marketplace=FLIPKART&q=airdopes&store=0pm%2Ffcn%2F821%2Fa7x%2F2si&srno=s_1_18&otracker=search&otracker1=search&fm=organic&iid=02695699-2265-4f80-88fe-8c148a807938.ACCFVGUUCYC4JU5F.SEARCH&ppt=None&ppn=None&ssid=p2r20ngd6o0000001683038463392&qH=98db617f57fac13f
"boAt Airdopes 192 with Beast Mode(40ms), 30 Hours Playb...",1899,4.1,https://www.flipkart.com/boat-airdopes-192-beast-mode-40ms-30-hours-playback-led-lights-bluetooth-headset/product-reviews/itmea06d52ee5194?pid=ACCGHJ97KEDXMAYJ&lid=LSTACCGHJ97KEDXMAYJ5BC1VC&marketplace=FLIPKART&q=airdopes&store=0pm%2Ffcn%2F821%2Fa7x%2F2si&srno=s_1_19&otracker=search&otracker1=search&fm=organic&iid=02695699-2265-4f80-88fe-8c148a807938.ACCGHJ97KEDXMAYJ.SEARCH&ppt=None&ppn=None&ssid=p2r20ngd6o0000001683038463392&qH=98db617f57fac13f
boAt Airdopes 131 with upto 60 Hours and ASAP Charge Bl...,1299,4.1,https://www.flipkart.com/boat-airdopes-131-upto-60-hours-asap-charge-bluetooth-headset/product-reviews/itmc0157ae57bf52?pid=ACCFSDGXT4HZXY4J&lid=LSTACCFSDGXT4HZXY4JX415W8&marketplace=FLIPKART&q=airdopes&store=0pm%2Ffcn%2F821%2Fa7x%2F2si&srno=s_1_20&otracker=search&otracker1=search&fm=organic&iid=02695699-2265-4f80-88fe-8c148a807938.ACCFSDGXT4HZXY4J.SEARCH&ppt=None&ppn=None&ssid=p2r20ngd6o0000001683038463392&qH=98db617f57fac13f
"boAt Airdopes 192 with Beast Mode(40ms), 30 Hours Playb...",1899,4.1,https://www.flipkart.com/boat-airdopes-192-beast-mode-40ms-30-hours-playback-led-lights-bluetooth-headset/product-reviews/itme28be7cf20a3a?pid=ACCGHJ978FHRJ9HP&lid=LSTACCGHJ978FHRJ9HP0SULGH&marketplace=FLIPKART&q=airdopes&store=0pm%2Ffcn%2F821%2Fa7x%2F2si&srno=s_1_21&otracker=search&otracker1=search&fm=organic&iid=02695699-2265-4f80-88fe-8c148a807938.ACCGHJ978FHRJ9HP.SEARCH&ppt=None&ppn=None&ssid=p2r20ngd6o0000001683038463392&qH=98db617f57fac13f
boAt Airdopes 163 Bluetooth Headset,1399,4.1,https://www.flipkart.com/boat-airdopes-163-bluetooth-headset/product-reviews/itm90e30ced89ae3?pid=ACCGHTHQAZYZXHJP&lid=LSTACCGHTHQAZYZXHJPEAY8LD&marketplace=FLIPKART&q=airdopes&store=0pm%2Ffcn%2F821%2Fa7x%2F2si&srno=s_1_22&otracker=search&otracker1=search&fm=organic&iid=02695699-2265-4f80-88fe-8c148a807938.ACCGHTHQAZYZXHJP.SEARCH&ppt=None&ppn=None&ssid=p2r20ngd6o0000001683038463392&qH=98db617f57fac13f
boAt Airdopes 131 with upto 60 Hours and ASAP Charge Bl...,1299,4.1,https://www.flipkart.com/boat-airdopes-131-upto-60-hours-asap-charge-bluetooth-headset/product-reviews/itmd5a5f3a979df6?pid=ACCG48F2S6F48CSZ&lid=LSTACCG48F2S6F48CSZMGK0CD&marketplace=FLIPKART&q=airdopes&store=0pm%2Ffcn%2F821%2Fa7x%2F2si&srno=s_1_23&otracker=search&otracker1=search&fm=organic&iid=02695699-2265-4f80-88fe-8c148a807938.ACCG48F2S6F48CSZ.SEARCH&ppt=None&ppn=None&ssid=p2r20ngd6o0000001683038463392&qH=98db617f57fac13f
boAt Airdopes 411ANC with upto 17.5 Hours Playback and ...,2499,4.1,https://www.flipkart.com/boat-airdopes-411anc-upto-17-5-hours-playback-asap-charge-bluetooth-headset/product-reviews/itme7b3fdc89c1bb?pid=ACCG9VKFMTHQCR8G&lid=LSTACCG9VKFMTHQCR8GGXCL9A&marketplace=FLIPKART&q=airdopes&store=0pm%2Ffcn%2F821%2Fa7x%2F2si&srno=s_1_24&otracker=search&otracker1=search&fm=organic&iid=02695699-2265-4f80-88fe-8c148a807938.ACCG9VKFMTHQCR8G.SEARCH&ppt=None&ppn=None&ssid=p2r20ngd6o0000001683038463392&qH=98db617f57fac13f
boAt Airdopes 131 Iron Man Edition with 15 Hours Playti...,1499,4.1,https://www.flipkart.com/boat-airdopes-131-iron-man-15-hours-playtime-bluetooth-headset/product-reviews/itm378cf847a8d1a?pid=ACCG7SCYSYGTXJE5&lid=LSTACCG7SCYSYGTXJE5XB1WSG&marketplace=FLIPKART&q=airdopes&store=0pm%2Ffcn%2F821%2Fa7x%2F2si&srno=s_1_25&otracker=search&otracker1=search&fm=organic&iid=02695699-2265-4f80-88fe-8c148a807938.ACCG7SCYSYGTXJE5.SEARCH&ppt=None&ppn=None&ssid=p2r20ngd6o0000001683038463392&qH=98db617f57fac13f
"boAt Airdopes 115 with ENx & Beast Mode, upto 24 Hrs Pl...",1299,4.1,https://www.flipkart.com/boat-airdopes-115-enx-beast-mode-upto-24-hrs-playback-asap-charge-bluetooth-headset/product-reviews/itm704e7ed855821?pid=ACCGBN34XFYZRPHA&lid=LSTACCGBN34XFYZRPHA0Z3HK3&marketplace=FLIPKART&q=airdopes&store=0pm%2Ffcn%2F821%2Fa7x%2F2si&srno=s_1_26&otracker=search&otracker1=search&fm=organic&iid=02695699-2265-4f80-88fe-8c148a807938.ACCGBN34XFYZRPHA.SEARCH&ppt=None&ppn=None&ssid=p2r20ngd6o0000001683038463392&qH=98db617f57fac13f
boAt Airdopes 131 with upto 60 Hours and ASAP Charge Bl...,1299,4.1,https://www.flipkart.com/boat-airdopes-131-upto-60-hours-asap-charge-bluetooth-headset/product-reviews/itmce34ba16c3b60?pid=ACCG48F2SGVM72HN&lid=LSTACCG48F2SGVM72HNTFZ41Q&marketplace=FLIPKART&q=airdopes&store=0pm%2Ffcn%2F821%2Fa7x%2F2si&srno=s_1_27&otracker=search&otracker1=search&fm=organic&iid=02695699-2265-4f80-88fe-8c148a807938.ACCG48F2SGVM72HN.SEARCH&ppt=None&ppn=None&ssid=p2r20ngd6o0000001683038463392&qH=98db617f57fac13f
boAt Airdopes 131 Captain America Edition with 15 Hours...,1499,4.1,https://www.flipkart.com/boat-airdopes-131-captain-america-15-hours-playtime-bluetooth-headset/product-reviews/itm57a46fe3039f4?pid=ACCG7SCYWUER2A3C&lid=LSTACCG7SCYWUER2A3CNBBUBI&marketplace=FLIPKART&q=airdopes&store=0pm%2Ffcn%2F821%2Fa7x%2F2si&srno=s_1_28&otracker=search&otracker1=search&fm=organic&iid=02695699-2265-4f80-88fe-8c148a807938.ACCG7SCYWUER2A3C.SEARCH&ppt=None&ppn=None&ssid=p2r20ngd6o0000001683038463392&qH=98db617f57fac13f
boAt Airdopes 381 with upto 20 Hours Playback and ASAP ...,1799,4.1,https://www.flipkart.com/boat-airdopes-381-upto-20-hours-playback-asap-charge-bluetooth-headset/product-reviews/itm85224e509b6b2?pid=ACCFVGUUYRUTASZR&lid=LSTACCFVGUUYRUTASZRQQFZIF&marketplace=FLIPKART&q=airdopes&store=0pm%2Ffcn%2F821%2Fa7x%2F2si&srno=s_1_29&otracker=search&otracker1=search&fm=organic&iid=02695699-2265-4f80-88fe-8c148a807938.ACCFVGUUYRUTASZR.SEARCH&ppt=None&ppn=None&ssid=p2r20ngd6o0000001683038463392&qH=98db617f57fac13f
boAt Airdopes 411ANC with upto 17.5 Hours Playback and ...,1799,4.1,https://www.flipkart.com/boat-airdopes-411anc-upto-17-5-hours-playback-asap-charge-bluetooth-headset/product-reviews/itmb01e2d2bdec72?pid=ACCG9VKFATZR9FVD&lid=LSTACCG9VKFATZR9FVDUNGLFP&marketplace=FLIPKART&q=airdopes&store=0pm%2Ffcn%2F821%2Fa7x%2F2si&srno=s_1_30&otracker=search&otracker1=search&fm=organic&iid=02695699-2265-4f80-88fe-8c148a807938.ACCG9VKFATZR9FVD.SEARCH&ppt=None&ppn=None&ssid=p2r20ngd6o0000001683038463392&qH=98db617f57fac13f
boAt Airdopes 381 Sunburn Edition with upto 20 Hours Pl...,1799,4.1,https://www.flipkart.com/boat-airdopes-381-sunburn-upto-20-hours-playback-asap-charge-bluetooth-headset/product-reviews/itm664f528593555?pid=ACCGC3JC25PMCFH5&lid=LSTACCGC3JC25PMCFH52ZNCMO&marketplace=FLIPKART&q=airdopes&store=0pm%2Ffcn%2F821%2Fa7x%2F2si&srno=s_1_31&otracker=search&otracker1=search&fm=organic&iid=02695699-2265-4f80-88fe-8c148a807938.ACCGC3JC25PMCFH5.SEARCH&ppt=None&ppn=None&ssid=p2r20ngd6o0000001683038463392&qH=98db617f57fac13f
boAt Airdopes 381 with upto 20 Hours Playback and ASAP ...,1999,4.1,https://www.flipkart.com/boat-airdopes-381-upto-20-hours-playback-asap-charge-bluetooth-headset/product-reviews/itmbab7580a0261d?pid=ACCFVGUU7SYUWQDT&lid=LSTACCFVGUU7SYUWQDTSE5RXM&marketplace=FLIPKART&q=airdopes&store=0pm%2Ffcn%2F821%2Fa7x%2F2si&srno=s_1_32&otracker=search&otracker1=search&fm=organic&iid=02695699-2265-4f80-88fe-8c148a807938.ACCFVGUU7SYUWQDT.SEARCH&ppt=None&ppn=None&ssid=p2r20ngd6o0000001683038463392&qH=98db617f57fac13f
boAt Airdopes 411ANC with upto 17.5 Hours Playback and ...,1799,4.1,https://www.flipkart.com/boat-airdopes-411anc-upto-17-5-hours-playback-asap-charge-bluetooth-headset/product-reviews/itm9f694faa1ebc0?pid=ACCG9VKFDQGBEYNB&lid=LSTACCG9VKFDQGBEYNBPQG3RD&marketplace=FLIPKART&q=airdopes&store=0pm%2Ffcn%2F821%2Fa7x%2F2si&srno=s_1_33&otracker=search&otracker1=search&fm=organic&iid=02695699-2265-4f80-88fe-8c148a807938.ACCG9VKFDQGBEYNB.SEARCH&ppt=None&ppn=None&ssid=p2r20ngd6o0000001683038463392&qH=98db617f57fac13f
boAt Airdopes 458 Bluetooth Headset,1999,4.1,https://www.flipkart.com/boat-airdopes-458-bluetooth-headset/product-reviews/itmf251fe7aff542?pid=ACCGK7UNUZXQJ9YH&lid=LSTACCGK7UNUZXQJ9YH7QOTJ5&marketplace=FLIPKART&q=airdopes&store=0pm%2Ffcn%2F821%2Fa7x%2F2si&srno=s_1_34&otracker=search&otracker1=search&fm=organic&iid=02695699-2265-4f80-88fe-8c148a807938.ACCGK7UNUZXQJ9YH.SEARCH&ppt=None&ppn=None&ssid=p2r20ngd6o0000001683038463392&qH=98db617f57fac13f
"boAt Airdopes 115 with ENx & Beast Mode, upto 24 Hrs Pl...",1599,4.1,https://www.flipkart.com/boat-airdopes-115-enx-beast-mode-upto-24-hrs-playback-asap-charge-bluetooth-headset/product-reviews/itme609ab2d0fded?pid=ACCGBN34D3HZY8H4&lid=LSTACCGBN34D3HZY8H4OIO2BX&marketplace=FLIPKART&q=airdopes&store=0pm%2Ffcn%2F821%2Fa7x%2F2si&srno=s_1_35&otracker=search&otracker1=search&fm=organic&iid=02695699-2265-4f80-88fe-8c148a807938.ACCGBN34D3HZY8H4.SEARCH&ppt=None&ppn=None&ssid=p2r20ngd6o0000001683038463392&qH=98db617f57fac13f
"boAt Airdopes 191G with 6mm Dual Drivers, Quad Mics ENx...",1807,4.1,https://www.flipkart.com/boat-airdopes-191g-6mm-dual-drivers-quad-mics-enx-tech-beast-mode-gaming-bluetooth-headset/product-reviews/itm5363f9e492f71?pid=ACCGBN34BHVZYBMJ&lid=LSTACCGBN34BHVZYBMJHK1QB5&marketplace=FLIPKART&q=airdopes&store=0pm%2Ffcn%2F821%2Fa7x%2F2si&srno=s_1_36&otracker=search&otracker1=search&fm=organic&iid=02695699-2265-4f80-88fe-8c148a807938.ACCGBN34BHVZYBMJ.SEARCH&ppt=None&ppn=None&ssid=p2r20ngd6o0000001683038463392&qH=98db617f57fac13f
boAt Airdopes 381 with upto 20 Hours Playback and ASAP ...,1799,4.1,https://www.flipkart.com/boat-airdopes-381-upto-20-hours-playback-asap-charge-bluetooth-headset/product-reviews/itmc9fce3e552b37?pid=ACCFVGUUNWK5RXQY&lid=LSTACCFVGUUNWK5RXQYQIUB9G&marketplace=FLIPKART&q=airdopes&store=0pm%2Ffcn%2F821%2Fa7x%2F2si&srno=s_1_37&otracker=search&otracker1=search&fm=organic&iid=02695699-2265-4f80-88fe-8c148a807938.ACCFVGUUNWK5RXQY.SEARCH&ppt=None&ppn=None&ssid=p2r20ngd6o0000001683038463392&qH=98db617f57fac13f
"boAt Airdopes 393ANC with Hybrid ANC, Quad Mics ENx & 3...",2999,4.1,https://www.flipkart.com/boat-airdopes-393anc-hybrid-anc-quad-mics-enx-30-hours-playback-bluetooth-headset/product-reviews/itm083cd01b27299?pid=ACCGDRH3GZKBJTUH&lid=LSTACCGDRH3GZKBJTUHAQ3TKE&marketplace=FLIPKART&q=airdopes&store=0pm%2Ffcn%2F821%2Fa7x%2F2si&srno=s_1_38&otracker=search&otracker1=search&fm=organic&iid=02695699-2265-4f80-88fe-8c148a807938.ACCGDRH3GZKBJTUH.SEARCH&ppt=None&ppn=None&ssid=p2r20ngd6o0000001683038463392&qH=98db617f57fac13f
"boAt Airdopes 172 with 42 Hours Playback, ENx, Beast Mo...",1599,4.1,https://www.flipkart.com/boat-airdopes-172-42-hours-playback-enx-beast-mode-11mm-drivers-bluetooth-headset/product-reviews/itmeecc1e4a697a8?pid=ACCGBN34VBHTZ4R2&lid=LSTACCGBN34VBHTZ4R2V278LK&marketplace=FLIPKART&q=airdopes&store=0pm%2Ffcn%2F821%2Fa7x%2F2si&srno=s_1_39&otracker=search&otracker1=search&fm=organic&iid=02695699-2265-4f80-88fe-8c148a807938.ACCGBN34VBHTZ4R2.SEARCH&ppt=None&ppn=None&ssid=p2r20ngd6o0000001683038463392&qH=98db617f57fac13f
"boAt Airdopes 191G with 6mm Dual Drivers, Quad Mics ENx...",1499,4.1,https://www.flipkart.com/boat-airdopes-191g-6mm-dual-drivers-quad-mics-enx-tech-beast-mode-gaming-bluetooth-headset/product-reviews/itmfd099e5f052b8?pid=ACCGBN34TAGPZ3X8&lid=LSTACCGBN34TAGPZ3X8SCZN9L&marketplace=FLIPKART&q=airdopes&store=0pm%2Ffcn%2F821%2Fa7x%2F2si&srno=s_1_40&otracker=search&otracker1=search&fm=organic&iid=02695699-2265-4f80-88fe-8c148a807938.ACCGBN34TAGPZ3X8.SEARCH&ppt=None&ppn=None&ssid=p2r20ngd6o0000001683038463392&qH=98db617f57fac13f
