Product Name,Price,Rating,link
Apple AirPods(2nd gen) with Charging Case Bluetooth Hea...,9999,4.5,https://www.flipkart.com/apple-airpods-2nd-gen-charging-case-bluetooth-headset-mic/product-reviews/itm8f1b2b0173ce4?pid=ACCFF2R85H8YG4WH&lid=LSTACCFF2R85H8YG4WHVYNGWK&marketplace=FLIPKART&q=airpods&store=0pm%2Ffcn%2F821%2Fa7x%2F2si&spotlightTagId=BestsellerId_0pm%2Ffcn%2F821%2Fa7x%2F2si&srno=s_1_1&otracker=search&otracker1=search&fm=organic&iid=bb9792fa-9360-436e-8fa6-f590cab17c83.ACCFF2R85H8YG4WH.SEARCH&ppt=None&ppn=None&ssid=xu5fgp8pc00000001683276262857&qH=b138a01d28163f61
APPLE Airpods Pro with MagSafe Charging Case Bluetooth ...,15990,4.5,https://www.flipkart.com/apple-airpods-pro-magsafe-charging-case-bluetooth-headset/product-reviews/itm0847811966368?pid=ACCG7XG5ZQ47ZHFR&lid=LSTACCG7XG5ZQ47ZHFRGTXJL1&marketplace=FLIPKART&q=airpods&store=0pm%2Ffcn%2F821%2Fa7x%2F2si&srno=s_1_2&otracker=search&otracker1=search&fm=organic&iid=bb9792fa-9360-436e-8fa6-f590cab17c83.ACCG7XG5ZQ47ZHFR.SEARCH&ppt=None&ppn=None&ssid=xu5fgp8pc00000001683276262857&qH=b138a01d28163f61
APPLE Airpods (3rd Generation) with Lightning Charging ...,16900,4.5,https://www.flipkart.com/apple-airpods-3rd-generation-lightning-charging-case-bluetooth-headset/product-reviews/itm7f946b906e294?pid=ACCGHWZNT3JYKUCX&lid=LSTACCGHWZNT3JYKUCXUPBBZN&marketplace=FLIPKART&q=airpods&store=0pm%2Ffcn%2F821%2Fa7x%2F2si&srno=s_1_3&otracker=search&otracker1=search&fm=organic&iid=bb9792fa-9360-436e-8fa6-f590cab17c83.ACCGHWZNT3JYKUCX.SEARCH&ppt=None&ppn=None&ssid=xu5fgp8pc00000001683276262857&qH=b138a01d28163f61
APPLE Airpods Pro 2nd Generation Bluetooth Headset,25000,4.5,https://www.flipkart.com/apple-airpods-pro-2nd-generation-bluetooth-headset/product-reviews/itmbfc083335b35c?pid=ACCGHWWGAAZDXNR2&lid=LSTACCGHWWGAAZDXNR2RMRPVQ&marketplace=FLIPKART&q=airpods&store=0pm%2Ffcn%2F821%2Fa7x%2F2si&srno=s_1_4&otracker=search&otracker1=search&fm=organic&iid=bb9792fa-9360-436e-8fa6-f590cab17c83.ACCGHWWGAAZDXNR2.SEARCH&ppt=None&ppn=None&ssid=xu5fgp8pc00000001683276262857&qH=b138a01d28163f61
APPLE Airpods (3rd Generation) with Magsafe Charging Ca...,17900,4.5,https://www.flipkart.com/apple-airpods-3rd-generation-magsafe-charging-case-bluetooth-headset/product-reviews/itm6ffae700b8445?pid=ACCG7XA99NB9RYG9&lid=LSTACCG7XA99NB9RYG9RLYV4Y&marketplace=FLIPKART&q=airpods&store=0pm%2Ffcn%2F821%2Fa7x%2F2si&srno=s_1_5&otracker=search&otracker1=search&fm=organic&iid=bb9792fa-9360-436e-8fa6-f590cab17c83.ACCG7XA99NB9RYG9.SEARCH&ppt=None&ppn=None&ssid=xu5fgp8pc00000001683276262857&qH=b138a01d28163f61
Apple AirPods with Wireless Charging Case Bluetooth Hea...,13990,4.5,https://www.flipkart.com/apple-airpods-wireless-charging-case-bluetooth-headset-mic/product-reviews/itm5fa1be121ee8d?pid=ACCFF2R8GZUZ6YH5&lid=LSTACCFF2R8GZUZ6YH5DXAOOF&marketplace=FLIPKART&q=airpods&store=0pm%2Ffcn%2F821%2Fa7x%2F2si&srno=s_1_6&otracker=search&otracker1=search&fm=organic&iid=bb9792fa-9360-436e-8fa6-f590cab17c83.ACCFF2R8GZUZ6YH5.SEARCH&ppt=None&ppn=None&ssid=xu5fgp8pc00000001683276262857&qH=b138a01d28163f61
Chitransh i12 Bluetooth Headset,386,4.5,https://www.flipkart.com/chitransh-i12-bluetooth-headset/product-reviews/itm40ca63f10524d?pid=ACCGNE52SAF3BUFT&lid=LSTACCGNE52SAF3BUFTRQIRY4&marketplace=FLIPKART&q=airpods&store=0pm%2Ffcn%2F821%2Fa7x%2F2si&spotlightTagId=FkPickId_0pm%2Ffcn%2F821%2Fa7x%2F2si&srno=s_1_7&otracker=search&otracker1=search&fm=organic&iid=bb9792fa-9360-436e-8fa6-f590cab17c83.ACCGNE52SAF3BUFT.SEARCH&ppt=None&ppn=None&ssid=xu5fgp8pc00000001683276262857&qH=b138a01d28163f61
Fome M10 TWS Bluetooth Earbuds Wireless Earbuds Bluetoo...,480,4.5,https://www.flipkart.com/fome-m10-tws-bluetooth-earbuds-wireless-headset-power-bank/product-reviews/itme5e439fe07a15?pid=ACCGZ3V3JGJUUHW3&lid=LSTACCGZ3V3JGJUUHW3VDACBF&marketplace=FLIPKART&q=airpods&store=0pm%2Ffcn%2F821%2Fa7x%2F2si&srno=s_1_8&otracker=search&otracker1=search&fm=organic&iid=bb9792fa-9360-436e-8fa6-f590cab17c83.ACCGZ3V3JGJUUHW3.SEARCH&ppt=None&ppn=None&ssid=xu5fgp8pc00000001683276262857&qH=b138a01d28163f61
Fome M10 Bluetooth 5.1 Wireless Earbuds Touch Waterproo...,480,4.5,https://www.flipkart.com/fome-m10-bluetooth-5-1-wireless-earbuds-touch-waterproof-ip7x-led-digital-display-headset/product-reviews/itm86800a6ddf539?pid=ACCGZETGRKCG7SH6&lid=LSTACCGZETGRKCG7SH62AAUUH&marketplace=FLIPKART&q=airpods&store=0pm%2Ffcn%2F821%2Fa7x%2F2si&srno=s_1_9&otracker=search&otracker1=search&fm=organic&iid=bb9792fa-9360-436e-8fa6-f590cab17c83.ACCGZETGRKCG7SH6.SEARCH&ppt=None&ppn=None&ssid=xu5fgp8pc00000001683276262857&qH=b138a01d28163f61
"Fushion Earbud White, With (Wireless Charging Case) Blu...",549,4.5,https://www.flipkart.com/fushion-earbud-white-wireless-charging-case-bluetooth-headset/product-reviews/itmc1fb6ca5a6137?pid=ACCGZDRJGJY48UXD&lid=LSTACCGZDRJGJY48UXDVH4OYK&marketplace=FLIPKART&q=airpods&store=0pm%2Ffcn%2F821%2Fa7x%2F2si&srno=s_1_10&otracker=search&otracker1=search&fm=organic&iid=bb9792fa-9360-436e-8fa6-f590cab17c83.ACCGZDRJGJY48UXD.SEARCH&ppt=None&ppn=None&ssid=xu5fgp8pc00000001683276262857&qH=b138a01d28163f61
LONGWINGS Deep Bass Bluetooth 5.2 Light Weight with Wir...,474,4.5,https://www.flipkart.com/longwings-deep-bass-bluetooth-5-2-light-weight-wireless-charging-case-headset/product-reviews/itmb270f9e88f169?pid=ACCGZYFQPXK26WHD&lid=LSTACCGZYFQPXK26WHDDNTDJ0&marketplace=FLIPKART&q=airpods&store=0pm%2Ffcn%2F821%2Fa7x%2F2si&srno=s_1_11&otracker=search&otracker1=search&fm=organic&iid=bb9792fa-9360-436e-8fa6-f590cab17c83.ACCGZYFQPXK26WHD.SEARCH&ppt=None&ppn=None&ssid=xu5fgp8pc00000001683276262857&qH=b138a01d28163f61
"TEG EARBUDS SMALL SIZE, SUPER LIGHTWEIGHT earphone Blue...",499,4.5,https://www.flipkart.com/teg-earbuds-small-size-super-lightweight-earphone-bluetooth-headset/product-reviews/itm878bdc241741c?pid=ACCGZT9YNKTGPHSW&lid=LSTACCGZT9YNKTGPHSWRRGK06&marketplace=FLIPKART&q=airpods&store=0pm%2Ffcn%2F821%2Fa7x%2F2si&srno=s_1_12&otracker=search&otracker1=search&fm=organic&iid=bb9792fa-9360-436e-8fa6-f590cab17c83.ACCGZT9YNKTGPHSW.SEARCH&ppt=None&ppn=None&ssid=xu5fgp8pc00000001683276262857&qH=b138a01d28163f61
TRUETAG M19 TWS Bluetooth 5.1 Wireless Earbuds With 220...,700,4.5,https://www.flipkart.com/truetag-m19-tws-bluetooth-5-1-wireless-earbuds-2200-mah-power-bank-true-wireless-headset/product-reviews/itm25568f98aed63?pid=ACCGMBG3FXFMGCXN&lid=LSTACCGMBG3FXFMGCXN6YTOZE&marketplace=FLIPKART&q=airpods&store=0pm%2Ffcn%2F821%2Fa7x%2F2si&srno=s_1_13&otracker=search&otracker1=search&fm=organic&iid=bb9792fa-9360-436e-8fa6-f590cab17c83.ACCGMBG3FXFMGCXN.SEARCH&ppt=None&ppn=None&ssid=xu5fgp8pc00000001683276262857&qH=b138a01d28163f61
Rudra Tech Earbuds M-10 Power Bank Upto 48 Hours Playba...,548,4.5,https://www.flipkart.com/rudra-tech-earbuds-m-10-power-bank-upto-48-hours-playback-asap-charge-bluetooth-headset/product-reviews/itm2632c53efef6b?pid=ACCGZKHBKJTJZDWG&lid=LSTACCGZKHBKJTJZDWGIY61UU&marketplace=FLIPKART&q=airpods&store=0pm%2Ffcn%2F821%2Fa7x%2F2si&spotlightTagId=TrendingId_0pm%2Ffcn%2F821%2Fa7x%2F2si&srno=s_1_14&otracker=search&otracker1=search&fm=organic&iid=bb9792fa-9360-436e-8fa6-f590cab17c83.ACCGZKHBKJTJZDWG.SEARCH&ppt=None&ppn=None&ssid=xu5fgp8pc00000001683276262857&qH=b138a01d28163f61
Rudra Tech M10 TWS Bluetooth 5.1 Headset 9D Stereo Spor...,448,4.5,https://www.flipkart.com/rudra-tech-m10-tws-bluetooth-5-1-headset-9d-stereo-sports-waterproof-earbuds/product-reviews/itm68ed5e85bd11b?pid=ACCGZSCWXBAYPXZ6&lid=LSTACCGZSCWXBAYPXZ6VH5OH6&marketplace=FLIPKART&q=airpods&store=0pm%2Ffcn%2F821%2Fa7x%2F2si&srno=s_1_15&otracker=search&otracker1=search&fm=organic&iid=bb9792fa-9360-436e-8fa6-f590cab17c83.ACCGZSCWXBAYPXZ6.SEARCH&ppt=None&ppn=None&ssid=xu5fgp8pc00000001683276262857&qH=b138a01d28163f61
Rudra Tech M10 TWS Bluetooth Earbuds Wireless Earbuds B...,549,4.5,https://www.flipkart.com/rudra-tech-m10-tws-bluetooth-earbuds-wireless-headset-powerbank/product-reviews/itmbabbcece27e5f?pid=ACCGZR8TGBHG4EJZ&lid=LSTACCGZR8TGBHG4EJZ0UXOBQ&marketplace=FLIPKART&q=airpods&store=0pm%2Ffcn%2F821%2Fa7x%2F2si&srno=s_1_16&otracker=search&otracker1=search&fm=organic&iid=bb9792fa-9360-436e-8fa6-f590cab17c83.ACCGZR8TGBHG4EJZ.SEARCH&ppt=None&ppn=None&ssid=xu5fgp8pc00000001683276262857&qH=b138a01d28163f61
MAHAVEER TRADERS Mpods 10 (Wireless Earbuds) 2200mAh Ba...,548,4.5,https://www.flipkart.com/mahaveer-traders-mpods-10-wireless-earbuds-2200mah-battery-bluetooth-headset/product-reviews/itmcc568e9907cce?pid=ACCGZAVSYYCDPTHB&lid=LSTACCGZAVSYYCDPTHBMU6H74&marketplace=FLIPKART&q=airpods&store=0pm%2Ffcn%2F821%2Fa7x%2F2si&srno=s_1_17&otracker=search&otracker1=search&fm=organic&iid=bb9792fa-9360-436e-8fa6-f590cab17c83.ACCGZAVSYYCDPTHB.SEARCH&ppt=None&ppn=None&ssid=xu5fgp8pc00000001683276262857&qH=b138a01d28163f61
TEG BEAST 5.2 Bluetooth Sports Bluetooth Headset,499,4.5,https://www.flipkart.com/teg-beast-5-2-bluetooth-sports-headset/product-reviews/itmfd3e673edc2f9?pid=ACCGZWJFTAKDUPNG&lid=LSTACCGZWJFTAKDUPNGYWSIOE&marketplace=FLIPKART&q=airpods&store=0pm%2Ffcn%2F821%2Fa7x%2F2si&srno=s_1_18&otracker=search&otracker1=search&fm=organic&iid=bb9792fa-9360-436e-8fa6-f590cab17c83.ACCGZWJFTAKDUPNG.SEARCH&ppt=None&ppn=None&ssid=xu5fgp8pc00000001683276262857&qH=b138a01d28163f61
GYNISES Pubg Gamming Earbuds & Power Bank 2000mAh Bluet...,499,4.5,https://www.flipkart.com/gynises-pubg-gamming-earbuds-power-bank-2000mah-bluetooth-headset/product-reviews/itm2fde98cc5b75a?pid=ACCGZF5YBZAMHE66&lid=LSTACCGZF5YBZAMHE66MN6RVV&marketplace=FLIPKART&q=airpods&store=0pm%2Ffcn%2F821%2Fa7x%2F2si&srno=s_1_19&otracker=search&otracker1=search&fm=organic&iid=bb9792fa-9360-436e-8fa6-f590cab17c83.ACCGZF5YBZAMHE66.SEARCH&ppt=None&ppn=None&ssid=xu5fgp8pc00000001683276262857&qH=b138a01d28163f61
Xezbi Earbuds M10 Air-Pro Wireless Earphone Touch Contr...,581,4.5,https://www.flipkart.com/xezbi-earbuds-m10-air-pro-wireless-earphone-touch-control-headphones-mic-bluetooth-headset/product-reviews/itm1072371827474?pid=ACCGNZGX784H3B7H&lid=LSTACCGNZGX784H3B7HZQQLVJ&marketplace=FLIPKART&q=airpods&store=0pm%2Ffcn%2F821%2Fa7x%2F2si&srno=s_1_20&otracker=search&otracker1=search&fm=organic&iid=bb9792fa-9360-436e-8fa6-f590cab17c83.ACCGNZGX784H3B7H.SEARCH&ppt=None&ppn=None&ssid=xu5fgp8pc00000001683276262857&qH=b138a01d28163f61
MAHAVEER TRADERS Exclusive Edition M19 Wireless Headpho...,631,4.5,https://www.flipkart.com/mahaveer-traders-exclusive-m19-wireless-headphone-powebank-bluetooth-headset/product-reviews/itm1b06c11b5835f?pid=ACCGZCY5NFWYH98F&lid=LSTACCGZCY5NFWYH98FQ3XJ4I&marketplace=FLIPKART&q=airpods&store=0pm%2Ffcn%2F821%2Fa7x%2F2si&srno=s_1_21&otracker=search&otracker1=search&fm=organic&iid=bb9792fa-9360-436e-8fa6-f590cab17c83.ACCGZCY5NFWYH98F.SEARCH&ppt=None&ppn=None&ssid=xu5fgp8pc00000001683276262857&qH=b138a01d28163f61
FLIXWISE i12 Sports/Gym/Running Bluetooth earphone Wire...,599,4.5,https://www.flipkart.com/flixwise-i12-sports-gym-running-bluetooth-earphone-wireless-mic-earbuds-headset/product-reviews/itm45f8ac0e5eb2f?pid=ACCGZHYTPTUKCYAN&lid=LSTACCGZHYTPTUKCYANEN032Z&marketplace=FLIPKART&q=airpods&store=0pm%2Ffcn%2F821%2Fa7x%2F2si&srno=s_1_22&otracker=search&otracker1=search&fm=organic&iid=bb9792fa-9360-436e-8fa6-f590cab17c83.ACCGZHYTPTUKCYAN.SEARCH&ppt=None&ppn=None&ssid=xu5fgp8pc00000001683276262857&qH=b138a01d28163f61
"FLIXWISE TWS Earbuds Full Touch Control, HD Audio 24Hrs...",599,4.5,https://www.flipkart.com/flixwise-tws-earbuds-full-touch-control-hd-audio-24hrs-playtime-superfast-charging-bluetooth-headset/product-reviews/itm22d62004b571c?pid=ACCGNQRHNTZ3CG6K&lid=LSTACCGNQRHNTZ3CG6KIDBKMJ&marketplace=FLIPKART&q=airpods&store=0pm%2Ffcn%2F821%2Fa7x%2F2si&srno=s_1_23&otracker=search&otracker1=search&fm=organic&iid=bb9792fa-9360-436e-8fa6-f590cab17c83.ACCGNQRHNTZ3CG6K.SEARCH&ppt=None&ppn=None&ssid=xu5fgp8pc00000001683276262857&qH=b138a01d28163f61
FLIXWISE i12 Bluetooth Headset,599,4.5,https://www.flipkart.com/flixwise-i12-bluetooth-headset/product-reviews/itm99ca471b657ae?pid=ACCGNZMYWDGHEGTK&lid=LSTACCGNZMYWDGHEGTKBIG1LN&marketplace=FLIPKART&q=airpods&store=0pm%2Ffcn%2F821%2Fa7x%2F2si&srno=s_1_24&otracker=search&otracker1=search&fm=organic&iid=bb9792fa-9360-436e-8fa6-f590cab17c83.ACCGNZMYWDGHEGTK.SEARCH&ppt=None&ppn=None&ssid=xu5fgp8pc00000001683276262857&qH=b138a01d28163f61
FLIXWISE M10 TWS EarBuds Touch Control Bluetooth Headse...,649,4.5,https://www.flipkart.com/flixwise-m10-tws-earbuds-touch-control-bluetooth-headset/product-reviews/itm91fd97299465b?pid=ACCGNQMWUUXSPW5C&lid=LSTACCGNQMWUUXSPW5C0S8M3H&marketplace=FLIPKART&q=airpods&store=0pm%2Ffcn%2F821%2Fa7x%2F2si&srno=s_1_25&otracker=search&otracker1=search&fm=organic&iid=bb9792fa-9360-436e-8fa6-f590cab17c83.ACCGNQMWUUXSPW5C.SEARCH&ppt=None&ppn=None&ssid=xu5fgp8pc00000001683276262857&qH=b138a01d28163f61
FLIXWISE i12 Sports/Gym/Running EARBUD earphone Wireles...,599,4.5,https://www.flipkart.com/flixwise-i12-sports-gym-running-earbud-earphone-wireless-mic-earbuds-music-game-bluetooth-headset/product-reviews/itmc437a575a23eb?pid=ACCGZT4GKZNYYEQV&lid=LSTACCGZT4GKZNYYEQVXXT7RP&marketplace=FLIPKART&q=airpods&store=0pm%2Ffcn%2F821%2Fa7x%2F2si&srno=s_1_26&otracker=search&otracker1=search&fm=organic&iid=bb9792fa-9360-436e-8fa6-f590cab17c83.ACCGZT4GKZNYYEQV.SEARCH&ppt=None&ppn=None&ssid=xu5fgp8pc00000001683276262857&qH=b138a01d28163f61
Mestie i12Twins Bluetooth Headset Wireless Earbuds 22 B...,439,4.5,https://www.flipkart.com/mestie-i12twins-bluetooth-headset-wireless-earbuds-22/product-reviews/itm7379d00629af7?pid=ACCGMWJ4T8TNX6BY&lid=LSTACCGMWJ4T8TNX6BYWW9QZF&marketplace=FLIPKART&q=airpods&store=0pm%2Ffcn%2F821%2Fa7x%2F2si&srno=s_1_27&otracker=search&otracker1=search&fm=organic&iid=bb9792fa-9360-436e-8fa6-f590cab17c83.ACCGMWJ4T8TNX6BY.SEARCH&ppt=None&ppn=None&ssid=xu5fgp8pc00000001683276262857&qH=b138a01d28163f61
FLIXWISE Air Buds True Wireless for Gym/sports/running ...,599,4.5,https://www.flipkart.com/flixwise-air-buds-true-wireless-gym-sports-running-bluetooth-headset/product-reviews/itm5434559e6ee7d?pid=ACCGZSJDGUVYEYTA&lid=LSTACCGZSJDGUVYEYTAGYOP7Y&marketplace=FLIPKART&q=airpods&store=0pm%2Ffcn%2F821%2Fa7x%2F2si&srno=s_1_28&otracker=search&otracker1=search&fm=organic&iid=bb9792fa-9360-436e-8fa6-f590cab17c83.ACCGZSJDGUVYEYTA.SEARCH&ppt=None&ppn=None&ssid=xu5fgp8pc00000001683276262857&qH=b138a01d28163f61
TRUETAG Earbuds M19 PRO with Power Bank Upto 150 Hours ...,704,4.5,https://www.flipkart.com/truetag-earbuds-m19-pro-power-bank-upto-150-hours-playback-bluetooth-headset/product-reviews/itm8badc7209049b?pid=ACCGMBG9H6WQ9NDP&lid=LSTACCGMBG9H6WQ9NDPX93GIE&marketplace=FLIPKART&q=airpods&store=0pm%2Ffcn%2F821%2Fa7x%2F2si&srno=s_1_29&otracker=search&otracker1=search&fm=organic&iid=bb9792fa-9360-436e-8fa6-f590cab17c83.ACCGMBG9H6WQ9NDP.SEARCH&ppt=None&ppn=None&ssid=xu5fgp8pc00000001683276262857&qH=b138a01d28163f61
TRUETAG Newly Launched Gaming Headsets M90 Pro TWS Blue...,749,4.5,https://www.flipkart.com/truetag-newly-launched-gaming-headsets-m90-pro-tws-bluetooth-earphone-headset/product-reviews/itm9badc037af732?pid=ACCGMBDQWHAK6Z5H&lid=LSTACCGMBDQWHAK6Z5HZRMDK5&marketplace=FLIPKART&q=airpods&store=0pm%2Ffcn%2F821%2Fa7x%2F2si&srno=s_1_30&otracker=search&otracker1=search&fm=organic&iid=bb9792fa-9360-436e-8fa6-f590cab17c83.ACCGMBDQWHAK6Z5H.SEARCH&ppt=None&ppn=None&ssid=xu5fgp8pc00000001683276262857&qH=b138a01d28163f61
FLIXWISE i12 Sports/Gym/Running Bluetooth earphone Wire...,599,4.5,https://www.flipkart.com/flixwise-i12-sports-gym-running-bluetooth-earphone-wireless-mic-earbuds-handset-headset/product-reviews/itmfbd964beaf024?pid=ACCGZHYTWQJRHCHZ&lid=LSTACCGZHYTWQJRHCHZSGLYG8&marketplace=FLIPKART&q=airpods&store=0pm%2Ffcn%2F821%2Fa7x%2F2si&srno=s_1_31&otracker=search&otracker1=search&fm=organic&iid=bb9792fa-9360-436e-8fa6-f590cab17c83.ACCGZHYTWQJRHCHZ.SEARCH&ppt=None&ppn=None&ssid=xu5fgp8pc00000001683276262857&qH=b138a01d28163f61
Rudra Tech M10 Earbuds With 2000mAh Power Bank & ASAP C...,548,4.5,https://www.flipkart.com/rudra-tech-m10-earbuds-2000mah-power-bank-asap-charge-upto-300hrs-playtime-bluetooth-gaming-headset/product-reviews/itmd2e0d49301f7d?pid=ACCGZR8RZ4PTUXNH&lid=LSTACCGZR8RZ4PTUXNHN7SV83&marketplace=FLIPKART&q=airpods&store=0pm%2Ffcn%2F821%2Fa7x%2F2si&srno=s_1_32&otracker=search&otracker1=search&fm=organic&iid=bb9792fa-9360-436e-8fa6-f590cab17c83.ACCGZR8RZ4PTUXNH.SEARCH&ppt=None&ppn=None&ssid=xu5fgp8pc00000001683276262857&qH=b138a01d28163f61
Mestie i12 tws earpods Bluetooth Headset 91 Bluetooth H...,449,4.5,https://www.flipkart.com/mestie-i12-tws-earpods-bluetooth-headset-91/product-reviews/itm2dc28d05daef5?pid=ACCGMWCGMXWZNEZE&lid=LSTACCGMWCGMXWZNEZEBXLTFV&marketplace=FLIPKART&q=airpods&store=0pm%2Ffcn%2F821%2Fa7x%2F2si&srno=s_1_33&otracker=search&otracker1=search&fm=organic&iid=bb9792fa-9360-436e-8fa6-f590cab17c83.ACCGMWCGMXWZNEZE.SEARCH&ppt=None&ppn=None&ssid=xu5fgp8pc00000001683276262857&qH=b138a01d28163f61
JaiDr I12 inpods New version 2023 with High quality of ...,697,4.5,https://www.flipkart.com/jaidr-i12-inpods-new-version-2023-high-quality-sound-bluetooth-headset/product-reviews/itma9ec882b2e6d9?pid=ACCGN33DEWPKSVTK&lid=LSTACCGN33DEWPKSVTKIJYRXZ&marketplace=FLIPKART&q=airpods&store=0pm%2Ffcn%2F821%2Fa7x%2F2si&srno=s_1_34&otracker=search&otracker1=search&fm=organic&iid=bb9792fa-9360-436e-8fa6-f590cab17c83.ACCGN33DEWPKSVTK.SEARCH&ppt=None&ppn=None&ssid=xu5fgp8pc00000001683276262857&qH=b138a01d28163f61
TRUETAG Headphone Earbuds M90 PRO with Power Bank Upto ...,709,4.5,https://www.flipkart.com/truetag-headphone-earbuds-m90-pro-power-bank-upto-150-hours-playback-bluetooth-headset/product-reviews/itm4806ebde7add9?pid=ACCGMBDQRCPYBCGZ&lid=LSTACCGMBDQRCPYBCGZ5WGJS0&marketplace=FLIPKART&q=airpods&store=0pm%2Ffcn%2F821%2Fa7x%2F2si&srno=s_1_35&otracker=search&otracker1=search&fm=organic&iid=bb9792fa-9360-436e-8fa6-f590cab17c83.ACCGMBDQRCPYBCGZ.SEARCH&ppt=None&ppn=None&ssid=xu5fgp8pc00000001683276262857&qH=b138a01d28163f61
FLIXWISE Earbuds M10 Upto 48 Hours Playback with Power-...,659,4.5,https://www.flipkart.com/flixwise-earbuds-m10-upto-48-hours-playback-power-bank-asap-charge-wireless-bluetooth-headset/product-reviews/itm5643be0ae5a7e?pid=ACCGZT4GSSKSXNWA&lid=LSTACCGZT4GSSKSXNWAFOQRGD&marketplace=FLIPKART&q=airpods&store=0pm%2Ffcn%2F821%2Fa7x%2F2si&srno=s_1_36&otracker=search&otracker1=search&fm=organic&iid=bb9792fa-9360-436e-8fa6-f590cab17c83.ACCGZT4GSSKSXNWA.SEARCH&ppt=None&ppn=None&ssid=xu5fgp8pc00000001683276262857&qH=b138a01d28163f61
MAGENESE EARFONE MOBILE BUDS M19TWS WIRELESS WITH POWER...,599,4.5,https://www.flipkart.com/magenese-earfone-mobile-buds-m19tws-wireless-powerbank-inbuilt-torch-bluetooth-headset/product-reviews/itmdf9636471db95?pid=ACCGZYKEFU9GJ4ZK&lid=LSTACCGZYKEFU9GJ4ZKZAU96A&marketplace=FLIPKART&q=airpods&store=0pm%2Ffcn%2F821%2Fa7x%2F2si&srno=s_1_37&otracker=search&otracker1=search&fm=organic&iid=bb9792fa-9360-436e-8fa6-f590cab17c83.ACCGZYKEFU9GJ4ZK.SEARCH&ppt=None&ppn=None&ssid=xu5fgp8pc00000001683276262857&qH=b138a01d28163f61
delphine i12 black noise cancellation earbuds Bluetooth...,449,4.5,https://www.flipkart.com/delphine-i12-black-noise-cancellation-earbuds-bluetooth-headset/product-reviews/itm265fcb14c1d55?pid=ACCGZJCPDBE6NHPP&lid=LSTACCGZJCPDBE6NHPPPYCT4N&marketplace=FLIPKART&q=airpods&store=0pm%2Ffcn%2F821%2Fa7x%2F2si&srno=s_1_38&otracker=search&otracker1=search&fm=organic&iid=bb9792fa-9360-436e-8fa6-f590cab17c83.ACCGZJCPDBE6NHPP.SEARCH&ppt=None&ppn=None&ssid=xu5fgp8pc00000001683276262857&qH=b138a01d28163f61
FLIXWISE M28 Gaming Earbuds TWS with 300 Hours Palyback...,999,4.5,https://www.flipkart.com/flixwise-m28-gaming-earbuds-tws-300-hours-palyback-asap-charge-bluetooth-headset/product-reviews/itm10d8af3eaafae?pid=ACCGNQZF4DTMT7HH&lid=LSTACCGNQZF4DTMT7HHYOI4TV&marketplace=FLIPKART&q=airpods&store=0pm%2Ffcn%2F821%2Fa7x%2F2si&srno=s_1_39&otracker=search&otracker1=search&fm=organic&iid=bb9792fa-9360-436e-8fa6-f590cab17c83.ACCGNQZF4DTMT7HH.SEARCH&ppt=None&ppn=None&ssid=xu5fgp8pc00000001683276262857&qH=b138a01d28163f61
MAGENESE Premium M19 tws bluetooth 5.0 wireless Digital...,599,4.5,https://www.flipkart.com/magenese-premium-m19-tws-bluetooth-5-0-wireless-digital-display-13mm-drivers-headset/product-reviews/itmde530de63df55?pid=ACCGNX2KCD4P35FA&lid=LSTACCGNX2KCD4P35FAZVYPBC&marketplace=FLIPKART&q=airpods&store=0pm%2Ffcn%2F821%2Fa7x%2F2si&srno=s_1_40&otracker=search&otracker1=search&fm=organic&iid=bb9792fa-9360-436e-8fa6-f590cab17c83.ACCGNX2KCD4P35FA.SEARCH&ppt=None&ppn=None&ssid=xu5fgp8pc00000001683276262857&qH=b138a01d28163f61
