Product Name,Price,Rating,link
VICTORY Cricket Wind Ball (Pack of 3) - Made in India S...,245,4.0,https://www.flipkart.com/victory-cricket-wind-ball-pack-3-made-india-smooth-synthetic/product-reviews/itm01d27a2d251c1?pid=BALFV4GWW7UFYJWS&lid=LSTBALFV4GWW7UFYJWSPMJVBN&marketplace=FLIPKART&q=ball&store=abc%2F5lf&spotlightTagId=FkPickId_abc%2F5lf&srno=s_1_1&otracker=search&otracker1=search&fm=organic&iid=17e14692-9a4b-453d-ba11-946536f14e0a.BALFV4GWW7UFYJWS.SEARCH&ppt=None&ppn=None&ssid=b8wjzrrfhc0000001683340802976&qH=7a10ea1b9b2872da
Adrenex by Flipkart Maestro 2 panel Red Cricket Leather...,251,4.0,https://www.flipkart.com/adrenex-flipkart-maestro-2-panel-red-cricket-leather-ball/product-reviews/itmdf3a56c578db5?pid=BALFDNK9BBZAKGHA&lid=LSTBALFDNK9BBZAKGHAYENIPG&marketplace=FLIPKART&q=ball&store=abc%2F5lf&srno=s_1_2&otracker=search&otracker1=search&fm=organic&iid=17e14692-9a4b-453d-ba11-946536f14e0a.BALFDNK9BBZAKGHA.SEARCH&ppt=None&ppn=None&ssid=b8wjzrrfhc0000001683340802976&qH=7a10ea1b9b2872da
COSCO Light Weight Cricket Tennis Ball,326,4.0,https://www.flipkart.com/cosco-light-weight-cricket-tennis-ball/product-reviews/itmf3umwpa6g9bg8?pid=BALENGMDWNG5W3WB&lid=LSTBALENGMDWNG5W3WBGCVELS&marketplace=FLIPKART&q=ball&store=abc%2F5lf&srno=s_1_3&otracker=search&otracker1=search&fm=organic&iid=17e14692-9a4b-453d-ba11-946536f14e0a.BALENGMDWNG5W3WB.SEARCH&ppt=None&ppn=None&ssid=b8wjzrrfhc0000001683340802976&qH=7a10ea1b9b2872da
Shopeleven Cricket Leather Ball of Four Piece Construct...,179,4.0,https://www.flipkart.com/shopeleven-cricket-leather-ball-four-piece-construction-waterproof/product-reviews/itm432cfd9c0c955?pid=BALGHWU6V7FYGWZD&lid=LSTBALGHWU6V7FYGWZDSUZOLL&marketplace=FLIPKART&q=ball&store=abc%2F5lf&srno=s_1_4&otracker=search&otracker1=search&fm=organic&iid=17e14692-9a4b-453d-ba11-946536f14e0a.BALGHWU6V7FYGWZD.SEARCH&ppt=None&ppn=None&ssid=b8wjzrrfhc0000001683340802976&qH=7a10ea1b9b2872da
VICTORY Wind Cricket Balls - Made in India (Pack of 6) ...,380,4.0,https://www.flipkart.com/victory-wind-cricket-balls-made-india-pack-6-synthetic-ball/product-reviews/itmc4a37b7d0a221?pid=BALFVDGRJ8RBY8KM&lid=LSTBALFVDGRJ8RBY8KMQIE5QS&marketplace=FLIPKART&q=ball&store=abc%2F5lf&srno=s_1_5&otracker=search&otracker1=search&fm=organic&iid=17e14692-9a4b-453d-ba11-946536f14e0a.BALFVDGRJ8RBY8KM.SEARCH&ppt=None&ppn=None&ssid=b8wjzrrfhc0000001683340802976&qH=7a10ea1b9b2872da
VICTORY Prime Leather 2 Panel Cricket Leather Ball,249,4.0,https://www.flipkart.com/victory-prime-leather-2-panel-cricket-ball/product-reviews/itm65a42398f1489?pid=BALGHX7RHVZFWU68&lid=LSTBALGHX7RHVZFWU68NUEUWN&marketplace=FLIPKART&q=ball&store=abc%2F5lf&srno=s_1_6&otracker=search&otracker1=search&fm=organic&iid=17e14692-9a4b-453d-ba11-946536f14e0a.BALGHX7RHVZFWU68.SEARCH&ppt=None&ppn=None&ssid=b8wjzrrfhc0000001683340802976&qH=7a10ea1b9b2872da
VICTORY Wind Cricket Balls (Pack of 6) - Made in India ...,370,4.0,https://www.flipkart.com/victory-wind-cricket-balls-pack-6-made-india-synthetic-ball/product-reviews/itmd5299ca2dff35?pid=BALFVKCQJDZWFTZY&lid=LSTBALFVKCQJDZWFTZY9DYWPX&marketplace=FLIPKART&q=ball&store=abc%2F5lf&srno=s_1_7&otracker=search&otracker1=search&fm=organic&iid=17e14692-9a4b-453d-ba11-946536f14e0a.BALFVKCQJDZWFTZY.SEARCH&ppt=None&ppn=None&ssid=b8wjzrrfhc0000001683340802976&qH=7a10ea1b9b2872da
Jager-Smith Heavy 350 Cricket Tennis Ball,339,4.0,https://www.flipkart.com/jager-smith-heavy-350-cricket-tennis-ball/product-reviews/itm85fe144858154?pid=BALFPY7FZFWEKF3C&lid=LSTBALFPY7FZFWEKF3CAEEKHF&marketplace=FLIPKART&q=ball&store=abc%2F5lf&srno=s_1_8&otracker=search&otracker1=search&fm=organic&iid=17e14692-9a4b-453d-ba11-946536f14e0a.BALFPY7FZFWEKF3C.SEARCH&ppt=None&ppn=None&ssid=b8wjzrrfhc0000001683340802976&qH=7a10ea1b9b2872da
VICTORY Cricket Wind Ball (Pack of 1) - Made in India S...,139,4.0,https://www.flipkart.com/victory-cricket-wind-ball-pack-1-made-india-smooth-synthetic/product-reviews/itm25f95646b8733?pid=BALGK6ZY5KF72NHZ&lid=LSTBALGK6ZY5KF72NHZ9BN7HM&marketplace=FLIPKART&q=ball&store=abc%2F5lf&srno=s_1_9&otracker=search&otracker1=search&fm=organic&iid=17e14692-9a4b-453d-ba11-946536f14e0a.BALGK6ZY5KF72NHZ.SEARCH&ppt=None&ppn=None&ssid=b8wjzrrfhc0000001683340802976&qH=7a10ea1b9b2872da
GJSHOP Pure Leather Water Proof Hard Cricket Ball Pract...,169,4.0,https://www.flipkart.com/gjshop-pure-leather-water-proof-hard-cricket-ball-practice-tournament/product-reviews/itmae9f088a09ecd?pid=BALGMJ2CXEUG9BM9&lid=LSTBALGMJ2CXEUG9BM9TDZ4VX&marketplace=FLIPKART&q=ball&store=abc%2F5lf&spotlightTagId=BestsellerId_abc%2F5lf&srno=s_1_10&otracker=search&otracker1=search&fm=organic&iid=17e14692-9a4b-453d-ba11-946536f14e0a.BALGMJ2CXEUG9BM9.SEARCH&ppt=None&ppn=None&ssid=b8wjzrrfhc0000001683340802976&qH=7a10ea1b9b2872da
VICKY Pro heavy cricket tennis ball Cricket Tennis Ball,499,4.0,https://www.flipkart.com/vicky-pro-heavy-cricket-tennis-ball/product-reviews/itmff9bksedyjfma?pid=BALFF98RJTCBCWWE&lid=LSTBALFF98RJTCBCWWEM1NW47&marketplace=FLIPKART&q=ball&store=abc%2F5lf&srno=s_1_11&otracker=search&otracker1=search&fm=organic&iid=17e14692-9a4b-453d-ba11-946536f14e0a.BALFF98RJTCBCWWE.SEARCH&ppt=None&ppn=None&ssid=b8wjzrrfhc0000001683340802976&qH=7a10ea1b9b2872da
SG iball with Cord Cricket Synthetic Ball,251,4.0,https://www.flipkart.com/sg-iball-cord-cricket-synthetic-ball/product-reviews/itm8df3cd672dc73?pid=BALG4YQ87ZNPG5RU&lid=LSTBALG4YQ87ZNPG5RUPSBNH5&marketplace=FLIPKART&q=ball&store=abc%2F5lf&srno=s_1_12&otracker=search&otracker1=search&fm=organic&iid=17e14692-9a4b-453d-ba11-946536f14e0a.BALG4YQ87ZNPG5RU.SEARCH&ppt=None&ppn=None&ssid=b8wjzrrfhc0000001683340802976&qH=7a10ea1b9b2872da
Adrenex by Flipkart Prime 4 Panel Red Cricket Leather B...,359,4.0,https://www.flipkart.com/adrenex-flipkart-prime-4-panel-red-cricket-leather-ball/product-reviews/itmfhe5t3gphzzyv?pid=BALFDNK99JUKW568&lid=LSTBALFDNK99JUKW5682PZFZG&marketplace=FLIPKART&q=ball&store=abc%2F5lf&srno=s_1_13&otracker=search&otracker1=search&fm=organic&iid=17e14692-9a4b-453d-ba11-946536f14e0a.BALFDNK99JUKW568.SEARCH&ppt=None&ppn=None&ssid=b8wjzrrfhc0000001683340802976&qH=7a10ea1b9b2872da
Unbranded CSK Cricket Tennis Ball,224,4.0,https://www.flipkart.com/unbranded-csk-cricket-tennis-ball/product-reviews/itmcbe2ec5136d13?pid=BALGCYVB3YHTBUCA&lid=LSTBALGCYVB3YHTBUCAIJPN4D&marketplace=FLIPKART&q=ball&store=abc%2F5lf&srno=s_1_14&otracker=search&otracker1=search&fm=organic&iid=17e14692-9a4b-453d-ba11-946536f14e0a.BALGCYVB3YHTBUCA.SEARCH&ppt=None&ppn=None&ssid=b8wjzrrfhc0000001683340802976&qH=7a10ea1b9b2872da
Adrenex by Flipkart Prime 2 Panel Red Cricket Leather B...,669,4.0,https://www.flipkart.com/adrenex-flipkart-prime-2-panel-red-cricket-leather-ball/product-reviews/itmfhbnwmcquaj9s?pid=BALFDNK9ACNXGPTH&lid=LSTBALFDNK9ACNXGPTHMTVHPD&marketplace=FLIPKART&q=ball&store=abc%2F5lf&srno=s_1_15&otracker=search&otracker1=search&fm=organic&iid=17e14692-9a4b-453d-ba11-946536f14e0a.BALFDNK9ACNXGPTH.SEARCH&ppt=None&ppn=None&ssid=b8wjzrrfhc0000001683340802976&qH=7a10ea1b9b2872da
OXXO ZING 4 PANEL Cricket Leather Ball,299,4.0,https://www.flipkart.com/oxxo-zing-4-panel-cricket-leather-ball/product-reviews/itm18025c779ed71?pid=BALG5SUSMS4YZYF8&lid=LSTBALG5SUSMS4YZYF8GXSBOJ&marketplace=FLIPKART&q=ball&store=abc%2F5lf&srno=s_1_16&otracker=search&otracker1=search&fm=organic&iid=17e14692-9a4b-453d-ba11-946536f14e0a.BALG5SUSMS4YZYF8.SEARCH&ppt=None&ppn=None&ssid=b8wjzrrfhc0000001683340802976&qH=7a10ea1b9b2872da
Unbranded KKR Cricket Tennis Ball,206,4.0,https://www.flipkart.com/unbranded-kkr-cricket-tennis-ball/product-reviews/itm94bbd0bb72ab1?pid=BALGCYVBUQNMTBUD&lid=LSTBALGCYVBUQNMTBUDGFJ8AF&marketplace=FLIPKART&q=ball&store=abc%2F5lf&srno=s_1_17&otracker=search&otracker1=search&fm=organic&iid=17e14692-9a4b-453d-ba11-946536f14e0a.BALGCYVBUQNMTBUD.SEARCH&ppt=None&ppn=None&ssid=b8wjzrrfhc0000001683340802976&qH=7a10ea1b9b2872da
OREE Sports soft tennis (Light Weight) Cricket Tennis B...,299,4.0,https://www.flipkart.com/oree-sports-soft-tennis-light-weight-cricket-ball-pack-6/product-reviews/itm2dab26dd4de62?pid=BALFYZKP36XYVYRV&lid=LSTBALFYZKP36XYVYRVIDKEOG&marketplace=FLIPKART&q=ball&store=abc%2F5lf&srno=s_1_18&otracker=search&otracker1=search&fm=organic&iid=17e14692-9a4b-453d-ba11-946536f14e0a.BALFYZKP36XYVYRV.SEARCH&ppt=None&ppn=None&ssid=b8wjzrrfhc0000001683340802976&qH=7a10ea1b9b2872da
VICTORY Medium Weight ( Pack of 1 ) Rubber Cricket Tenn...,129,4.0,https://www.flipkart.com/victory-medium-weight-pack-1-rubber-cricket-tennis-ball/product-reviews/itma7193d98e2750?pid=BALGMPYTRU4KZHHH&lid=LSTBALGMPYTRU4KZHHHINNLQM&marketplace=FLIPKART&q=ball&store=abc%2F5lf&srno=s_1_19&otracker=search&otracker1=search&fm=organic&iid=17e14692-9a4b-453d-ba11-946536f14e0a.BALGMPYTRU4KZHHH.SEARCH&ppt=None&ppn=None&ssid=b8wjzrrfhc0000001683340802976&qH=7a10ea1b9b2872da
VICTORY Medium Weight ( Pack of 1 ) Rubber Cricket Tenn...,159,4.0,https://www.flipkart.com/victory-medium-weight-pack-1-rubber-cricket-tennis-ball/product-reviews/itm40f8e887e4b95?pid=BALGMPYTJFRBD3WC&lid=LSTBALGMPYTJFRBD3WCPORMJG&marketplace=FLIPKART&q=ball&store=abc%2F5lf&srno=s_1_20&otracker=search&otracker1=search&fm=organic&iid=17e14692-9a4b-453d-ba11-946536f14e0a.BALGMPYTJFRBD3WC.SEARCH&ppt=None&ppn=None&ssid=b8wjzrrfhc0000001683340802976&qH=7a10ea1b9b2872da
"GM County Star ""New"" Cricket Leather Ball",929,4.0,https://www.flipkart.com/gm-county-star-new-cricket-leather-ball/product-reviews/itmeb98bd05d7b58?pid=BALFQN7FCFNPCQFW&lid=LSTBALFQN7FCFNPCQFWBHIPLD&marketplace=FLIPKART&q=ball&store=abc%2F5lf&srno=s_1_21&otracker=search&otracker1=search&fm=organic&iid=17e14692-9a4b-453d-ba11-946536f14e0a.BALFQN7FCFNPCQFW.SEARCH&ppt=None&ppn=None&ssid=b8wjzrrfhc0000001683340802976&qH=7a10ea1b9b2872da
"VICKY Jupiter Leather Ball, 4 Pcs, Maroon, (Pack of 1) ...",430,4.0,https://www.flipkart.com/vicky-jupiter-leather-ball-4-pcs-maroon-pack-1-cricket-ball/product-reviews/itm5ba7495d1cc1c?pid=BALG9FGHPEKHAVG9&lid=LSTBALG9FGHPEKHAVG9REZWC7&marketplace=FLIPKART&q=ball&store=abc%2F5lf&srno=s_1_22&otracker=search&otracker1=search&fm=organic&iid=17e14692-9a4b-453d-ba11-946536f14e0a.BALG9FGHPEKHAVG9.SEARCH&ppt=None&ppn=None&ssid=b8wjzrrfhc0000001683340802976&qH=7a10ea1b9b2872da
SSI ball White Cricket Leather Ball,240,4.0,https://www.flipkart.com/ssi-ball-white-cricket-leather/product-reviews/itm69a4d31ccd124?pid=BALFV2FK2BH42KJF&lid=LSTBALFV2FK2BH42KJFYBAPO0&marketplace=FLIPKART&q=ball&store=abc%2F5lf&srno=s_1_23&otracker=search&otracker1=search&fm=organic&iid=17e14692-9a4b-453d-ba11-946536f14e0a.BALFV2FK2BH42KJF.SEARCH&ppt=None&ppn=None&ssid=b8wjzrrfhc0000001683340802976&qH=7a10ea1b9b2872da
"VICKY Soyuz Leather Ball, 4 Pcs, Maroon, (Pack of 1) Cr...",439,4.0,https://www.flipkart.com/vicky-soyuz-leather-ball-4-pcs-maroon-pack-1-cricket-ball/product-reviews/itm842e688ed6b95?pid=BALG9FGH6ZAPCQG3&lid=LSTBALG9FGH6ZAPCQG3YJFQJJ&marketplace=FLIPKART&q=ball&store=abc%2F5lf&srno=s_1_24&otracker=search&otracker1=search&fm=organic&iid=17e14692-9a4b-453d-ba11-946536f14e0a.BALG9FGH6ZAPCQG3.SEARCH&ppt=None&ppn=None&ssid=b8wjzrrfhc0000001683340802976&qH=7a10ea1b9b2872da
PSE Practice Cricket Training Ball,199,4.0,https://www.flipkart.com/pse-practice-cricket-training-ball/product-reviews/itmf3umvdtm49drt?pid=BALFYZZTPQGQ2Q3V&lid=LSTBALFYZZTPQGQ2Q3VQXDPQ3&marketplace=FLIPKART&q=ball&store=abc%2F5lf&srno=s_1_25&otracker=search&otracker1=search&fm=organic&iid=17e14692-9a4b-453d-ba11-946536f14e0a.BALFYZZTPQGQ2Q3V.SEARCH&ppt=None&ppn=None&ssid=b8wjzrrfhc0000001683340802976&qH=7a10ea1b9b2872da
labh traders club Cricket Leather Ball,165,4.0,https://www.flipkart.com/labh-traders-club-cricket-leather-ball/product-reviews/itm086829e1a9298?pid=BALGFRYZNBPHCKYN&lid=LSTBALGFRYZNBPHCKYNFIEBJY&marketplace=FLIPKART&q=ball&store=abc%2F5lf&srno=s_1_26&otracker=search&otracker1=search&fm=organic&iid=17e14692-9a4b-453d-ba11-946536f14e0a.BALGFRYZNBPHCKYN.SEARCH&ppt=None&ppn=None&ssid=b8wjzrrfhc0000001683340802976&qH=7a10ea1b9b2872da
HACKERX Check out these red tennis ball pack of 12 Cric...,299,4.0,https://www.flipkart.com/hackerx-check-out-these-red-tennis-ball-pack-12-cricket/product-reviews/itmb419ca29a24ca?pid=BALGZ8876FCVQNH3&lid=LSTBALGZ8876FCVQNH3GRJHLQ&marketplace=FLIPKART&q=ball&store=abc%2F5lf&srno=s_1_27&otracker=search&otracker1=search&fm=organic&iid=17e14692-9a4b-453d-ba11-946536f14e0a.BALGZ8876FCVQNH3.SEARCH&ppt=None&ppn=None&ssid=b8wjzrrfhc0000001683340802976&qH=7a10ea1b9b2872da
"VICKY Hotshot Heavy Tennis Ball, Maroon Cricket Tennis ...",264,4.0,https://www.flipkart.com/vicky-hotshot-heavy-tennis-ball-maroon-cricket-ball/product-reviews/itmfb2a18825007e?pid=BALFRYV9W6ZFGDHC&lid=LSTBALFRYV9W6ZFGDHCFDHC2W&marketplace=FLIPKART&q=ball&store=abc%2F5lf&srno=s_1_28&otracker=search&otracker1=search&fm=organic&iid=17e14692-9a4b-453d-ba11-946536f14e0a.BALFRYV9W6ZFGDHC.SEARCH&ppt=None&ppn=None&ssid=b8wjzrrfhc0000001683340802976&qH=7a10ea1b9b2872da
DSC Premier Cricket Leather Ball,619,4.0,https://www.flipkart.com/dsc-premier-cricket-leather-ball/product-reviews/itm557067fa55658?pid=BALFZJUF4QDBMYPQ&lid=LSTBALFZJUF4QDBMYPQFYJT6E&marketplace=FLIPKART&q=ball&store=abc%2F5lf&srno=s_1_29&otracker=search&otracker1=search&fm=organic&iid=17e14692-9a4b-453d-ba11-946536f14e0a.BALFZJUF4QDBMYPQ.SEARCH&ppt=None&ppn=None&ssid=b8wjzrrfhc0000001683340802976&qH=7a10ea1b9b2872da
DSC Swing Cricket Leather Ball,529,4.0,https://www.flipkart.com/dsc-swing-cricket-leather-ball/product-reviews/itme2d6bb2b35e8c?pid=BALFZJUF5T9BSZJU&lid=LSTBALFZJUF5T9BSZJUNSCEUF&marketplace=FLIPKART&q=ball&store=abc%2F5lf&srno=s_1_30&otracker=search&otracker1=search&fm=organic&iid=17e14692-9a4b-453d-ba11-946536f14e0a.BALFZJUF5T9BSZJU.SEARCH&ppt=None&ppn=None&ssid=b8wjzrrfhc0000001683340802976&qH=7a10ea1b9b2872da
DSC Match Grade Cricket Leather Ball,899,4.0,https://www.flipkart.com/dsc-match-grade-cricket-leather-ball/product-reviews/itm695aa23acdd8b?pid=BALFZJUFJXAKHJSF&lid=LSTBALFZJUFJXAKHJSFX7VCCH&marketplace=FLIPKART&q=ball&store=abc%2F5lf&srno=s_1_31&otracker=search&otracker1=search&fm=organic&iid=17e14692-9a4b-453d-ba11-946536f14e0a.BALFZJUFJXAKHJSF.SEARCH&ppt=None&ppn=None&ssid=b8wjzrrfhc0000001683340802976&qH=7a10ea1b9b2872da
Adrenex by Flipkart Maestro 4 Panel_Int Cricket Leather...,349,4.0,https://www.flipkart.com/adrenex-flipkart-maestro-4-panel-int-cricket-leather-ball/product-reviews/itmfbfa547b0190a?pid=BALFGRHMCBHWWYG3&lid=LSTBALFGRHMCBHWWYG3FNMEDN&marketplace=FLIPKART&q=ball&store=abc%2F5lf&srno=s_1_32&otracker=search&otracker1=search&fm=organic&iid=17e14692-9a4b-453d-ba11-946536f14e0a.BALFGRHMCBHWWYG3.SEARCH&ppt=None&ppn=None&ssid=b8wjzrrfhc0000001683340802976&qH=7a10ea1b9b2872da
radion jumper01 cricket rubber ball multicolour pack of...,289,4.0,https://www.flipkart.com/radion-jumper01-cricket-rubber-ball-multicolour-pack-10/product-reviews/itm51c26692dc5db?pid=BALGAM7PAYGZ9GTY&lid=LSTBALGAM7PAYGZ9GTYLD93PZ&marketplace=FLIPKART&q=ball&store=abc%2F5lf&srno=s_1_33&otracker=search&otracker1=search&fm=organic&iid=17e14692-9a4b-453d-ba11-946536f14e0a.BALGAM7PAYGZ9GTY.SEARCH&ppt=None&ppn=None&ssid=b8wjzrrfhc0000001683340802976&qH=7a10ea1b9b2872da
Shreejee Red and white Cricket Leather Ball Combo Crick...,298,4.0,https://www.flipkart.com/shreejee-red-white-cricket-leather-ball-combo/product-reviews/itm7687fa0427c81?pid=BALFXMZHTE55XSHJ&lid=LSTBALFXMZHTE55XSHJLAU9DS&marketplace=FLIPKART&q=ball&store=abc%2F5lf&srno=s_1_34&otracker=search&otracker1=search&fm=organic&iid=17e14692-9a4b-453d-ba11-946536f14e0a.BALFXMZHTE55XSHJ.SEARCH&ppt=None&ppn=None&ssid=b8wjzrrfhc0000001683340802976&qH=7a10ea1b9b2872da
JOJOMART CLUB SET OF 1 GENUINE LEATHER BALLS 2 PART Cri...,198,4.0,https://www.flipkart.com/jojomart-club-set-1-genuine-leather-balls-2-part-cricket-ball/product-reviews/itmff9c9d346253d?pid=BALG4P4TH9YQUGFE&lid=LSTBALG4P4TH9YQUGFER2WL5A&marketplace=FLIPKART&q=ball&store=abc%2F5lf&spotlightTagId=BestsellerId_abc%2F5lf&srno=s_1_35&otracker=search&otracker1=search&fm=organic&iid=17e14692-9a4b-453d-ba11-946536f14e0a.BALG4P4TH9YQUGFE.SEARCH&ppt=None&ppn=None&ssid=b8wjzrrfhc0000001683340802976&qH=7a10ea1b9b2872da
Unbranded MI Cricket Tennis Ball,224,4.0,https://www.flipkart.com/unbranded-mi-cricket-tennis-ball/product-reviews/itm3e516577366ed?pid=BALGCYVBXF3HFZ8Z&lid=LSTBALGCYVBXF3HFZ8ZXET7MG&marketplace=FLIPKART&q=ball&store=abc%2F5lf&srno=s_1_36&otracker=search&otracker1=search&fm=organic&iid=17e14692-9a4b-453d-ba11-946536f14e0a.BALGCYVBXF3HFZ8Z.SEARCH&ppt=None&ppn=None&ssid=b8wjzrrfhc0000001683340802976&qH=7a10ea1b9b2872da
JSP Destroyer_02 Cricket Tennis Ball,299,4.0,https://www.flipkart.com/jsp-destroyer-02-cricket-tennis-ball/product-reviews/itm2b49302e36b92?pid=BALGKCH8PD9ZFWPH&lid=LSTBALGKCH8PD9ZFWPHSTW96G&marketplace=FLIPKART&q=ball&store=abc%2F5lf&srno=s_1_37&otracker=search&otracker1=search&fm=organic&iid=17e14692-9a4b-453d-ba11-946536f14e0a.BALGKCH8PD9ZFWPH.SEARCH&ppt=None&ppn=None&ssid=b8wjzrrfhc0000001683340802976&qH=7a10ea1b9b2872da
DSC Swing Bolt Cricket Training Ball,130,4.0,https://www.flipkart.com/dsc-swing-bolt-cricket-training-ball/product-reviews/itma9881fccb92bd?pid=BALFZM4CZPTW8HB8&lid=LSTBALFZM4CZPTW8HB8B6N2EZ&marketplace=FLIPKART&q=ball&store=abc%2F5lf&srno=s_1_38&otracker=search&otracker1=search&fm=organic&iid=17e14692-9a4b-453d-ba11-946536f14e0a.BALFZM4CZPTW8HB8.SEARCH&ppt=None&ppn=None&ssid=b8wjzrrfhc0000001683340802976&qH=7a10ea1b9b2872da
DSC Match Grade Cricket Leather Ball,877,4.0,https://www.flipkart.com/dsc-match-grade-cricket-leather-ball/product-reviews/itm7acd90f87e5a1?pid=BALFZJUFWHWAPZY3&lid=LSTBALFZJUFWHWAPZY3UUQZHI&marketplace=FLIPKART&q=ball&store=abc%2F5lf&srno=s_1_39&otracker=search&otracker1=search&fm=organic&iid=17e14692-9a4b-453d-ba11-946536f14e0a.BALFZJUFWHWAPZY3.SEARCH&ppt=None&ppn=None&ssid=b8wjzrrfhc0000001683340802976&qH=7a10ea1b9b2872da
DSC Swing Cricket Leather Ball,530,4.0,https://www.flipkart.com/dsc-swing-cricket-leather-ball/product-reviews/itmcd9ddf9233d1c?pid=BALFZJUFNXQTFMUS&lid=LSTBALFZJUFNXQTFMUSG8ZEEQ&marketplace=FLIPKART&q=ball&store=abc%2F5lf&srno=s_1_40&otracker=search&otracker1=search&fm=organic&iid=17e14692-9a4b-453d-ba11-946536f14e0a.BALFZJUFNXQTFMUS.SEARCH&ppt=None&ppn=None&ssid=b8wjzrrfhc0000001683340802976&qH=7a10ea1b9b2872da
