product,rating,price,product url
GCQJOQ 12 Pcs Marbleized Bouncy Balls Kick Balls Inflatable Sensory Balls for Beach School Playground Indoor/Outdoor Play Balls - 9 Inch…  ,5.0 out of 5 stars,2317,https://amazon.com/gp/slredirect/picassoRedirect.html/ref=pa_sp_atf_next_aps_sr_pg4_1?ie=UTF8&adId=A07267639GJWIJQ9SZSH&qualifier=1683340787&id=7636243014898674&widgetName=sp_atf_next&url=%2FGCQJOQ-Marbleized-Inflatable-Sensory-Playground%2Fdp%2FB09YGZPKXR%2Fref%3Dsr_1_145_sspa%3Fkeywords%3Dball%26qid%3D1683340787%26sr%3D8-145-spons%26psc%3D1
"Door Basketball Hoop with Electronic Scoreboard, Indoor Mini Basketball Hoop with 3 Balls, Over The Door Basketball Set, Basketball Backboard Toy Gifts for Kids Boys Adults  ",4.4 out of 5 stars,2648,https://amazon.com/gp/slredirect/picassoRedirect.html/ref=pa_sp_atf_next_aps_sr_pg4_1?ie=UTF8&adId=A05796982K5OHQKSQA5UO&qualifier=1683340787&id=7636243014898674&widgetName=sp_atf_next&url=%2FBasketball-Electronic-Scoreboard-Indoor-Backboard%2Fdp%2FB0BTPKDJ7P%2Fref%3Dsr_1_148_sspa%3Fkeywords%3Dball%26qid%3D1683340787%26sr%3D8-148-spons%26psc%3D1
"VINSGUIR Pickleball Paddle Set, USAPA Approved Fiberglass Pickleball Set, Pickleball Paddles, Pickleballs, Lightweight Carrying Bag, Pickle Ball Paddle Gifts for Beginners & Pros, Aurora Blue  ",4.8 out of 5 stars,3476,https://amazon.com/VINSGUIR-Pickleball-Fiberglass-Pickleballs-Lightweight/dp/B0BNTL3Q2C/ref=sr_1_149?keywords=ball&qid=1683340787&sr=8-149
"HANSTORM Adjustable Folding Sit Up Bench Workout, Abdominal Exercise Equipment Bench for Men and Women, Slant Bench for Strength Training Fitness, Black  ",4.4 out of 5 stars,12993,https://amazon.com/HANSTORM-Adjustable-Abdominal-Exercise-Equipment/dp/B08Z7C3DKZ/ref=sr_1_150?keywords=ball&qid=1683340787&sr=8-150
JA-RU Stretchy Ball (Pack of 3) The Original Dough Ball Fidget Toy Pack Stretchy Squishy Toys Bouncy Ball Set for Kids and Adults Soft Bounce Stress Ball Therapy Ball Doh Pull and Stretch 401-3C  ,3.9 out of 5 stars,745,https://amazon.com/JA-RU-Stretchy-Bouncy-Bounce-Stretch/dp/B00CMD29NO/ref=sr_1_151?keywords=ball&qid=1683340787&sr=8-151
"adekale Soccer Balls Official Size 4/5, Indoor/Outdoor Training Ball with Pump Kit and Holder for Boy Girls and Teens Players,Street Ball Game for Men  ",4.7 out of 5 stars,1572,https://amazon.com/adekale-Official-Outdoor-Training-Players/dp/B0BXCNPZX5/ref=sr_1_152?keywords=ball&qid=1683340787&sr=8-152
"Dynasty, Season 5  ",4.8 out of 5 stars,83,https://amazon.com/The-Ball/dp/B010U2DKEA/ref=sr_1_153?keywords=ball&qid=1683340787&sr=8-153
"Blippi Ball Pit Mystery Adventure, Featuring Portable Indoor/Outdoor Inflatable Ball Pit, 35 Plastic Balls, 10 Surprise Balls with 10 Accessories - Educational Toys for Kids - Amazon Exclusive  ",4.5 out of 5 stars,993,https://amazon.com/Blippi-Adventure-Featuring-Inflatable-Accessories/dp/B0851SR2SC/ref=sr_1_154?keywords=ball&qid=1683340787&sr=8-154
JOOLA Primo Pickleball Balls - Tournament Indoor and Outdoor Pickleball Balls - USAPA Approved - Ideally Weighted and Precision Crafted 40 Hole Design Pickleball Official Size  ,4.4 out of 5 stars,910,https://amazon.com/JOOLA-Primo-Pickleball-Balls-Tournament/dp/B09X1WD83Q/ref=sr_1_155?keywords=ball&qid=1683340787&sr=8-155
Skeleteen Prisoner Ball and Chain - Prisoner Costume Accessories Prop - 1 Piece  ,3.8 out of 5 stars,745,https://amazon.com/Skeleteen-Prisoner-Ball-Chain-Accessories/dp/B07GVN4BHJ/ref=sr_1_156?keywords=ball&qid=1683340787&sr=8-156
"Champion Sports Scoop Ball Game: Classic Kids Outdoor Party Gear for Lawn, Camping & Beach  ",4.7 out of 5 stars,579,https://amazon.com/Champion-Sports-Scoop-Ball-Game/dp/B0000BW4U2/ref=sr_1_157?keywords=ball&qid=1683340787&sr=8-157
"JOOLA Training 3 Star Table Tennis Balls 12, 60, or 120 Pack - 40+mm Regulation Bulk Ping Pong Balls for Competition and Recreational Play - Fun as a Cat Toy - Indoor and Outdoor Compatible  ",4.7 out of 5 stars,828,https://amazon.com/JOOLA-Training-Table-Tennis-Balls/dp/B089BVTB6J/ref=sr_1_158?keywords=ball&qid=1683340787&sr=8-158
GAMMA Sports Bag of Balls  ,4.6 out of 5 stars,910,https://amazon.com/Gamma-Pressureless-Tennis-Balls-Balls/dp/B09X26TB2S/ref=sr_1_159?keywords=ball&qid=1683340787&sr=8-159
"GSM Brands Dodgeballs - Foam, Soft Skin, Low Bounce, 5.9"" - Set of 6 Dodge Balls for Kids and Adults  ",4.7 out of 5 stars,3807,https://amazon.com/GSM-Brands-Dodgeballs-Bounce-Adults/dp/B07B9NNZB3/ref=sr_1_160?keywords=ball&qid=1683340787&sr=8-160
Giant Beach Ball 9.84 Ft/ 118 Inch Large Inflatable Beach Ball Jumbo Beach Ball Huge Rainbow Color Ball for Kids and Adults Blow up Oversized Balls for Summer Party Massive Pool Water Games Favor  ,3.0 out of 5 stars,7531,https://amazon.com/gp/slredirect/picassoRedirect.html/ref=pa_sp_mtf_aps_sr_pg4_1?ie=UTF8&adId=A03497982EDEOO4OP1QPX&qualifier=1683340787&id=7636243014898674&widgetName=sp_mtf&url=%2FInflatable-Rainbow-Adults-Oversized-Massive%2Fdp%2FB0BNSZ4PCS%2Fref%3Dsr_1_161_sspa%3Fkeywords%3Dball%26qid%3D1683340787%26sr%3D8-161-spons%26psc%3D1
Deekin 2 Pcs 15 Inches Marbleized Bouncy Balls Large Size Ball Inflatable Rubber Playground Sensory Balls Bouncy Toys Balls for Kid Adults Pet Outdoor School Water  ,4.0 out of 5 stars,1324,https://amazon.com/gp/slredirect/picassoRedirect.html/ref=pa_sp_mtf_aps_sr_pg4_1?ie=UTF8&adId=A00048021S6LAG1601Q0T&qualifier=1683340787&id=7636243014898674&widgetName=sp_mtf&url=%2FMarbleized-Inflatable-Playground-Sensory-Outdoor%2Fdp%2FB09VB2VL4W%2Fref%3Dsr_1_162_sspa%3Fkeywords%3Dball%26qid%3D1683340787%26sr%3D8-162-spons%26psc%3D1
"MIC MICSOA Playground Balls Kickballs 8.5 Inch, Rainbow Playground Ball Set for Kids and Adults, Dodgeball Kick Balls Handball for Indoor & Outdoor Schoolyard Games with Hand Pump(4 Pack)  ",4.5 out of 5 stars,1407,https://amazon.com/gp/slredirect/picassoRedirect.html/ref=pa_sp_mtf_aps_sr_pg4_1?ie=UTF8&adId=A0015073295VID70XUB5A&qualifier=1683340787&id=7636243014898674&widgetName=sp_mtf&url=%2FMIC-MICSOA-Playground-Rainbow-Schoolyard%2Fdp%2FB097JK8ZTD%2Fref%3Dsr_1_163_sspa%3Fkeywords%3Dball%26qid%3D1683340787%26sr%3D8-163-spons%26psc%3D1
"Pop Fidget Ball, 2 Pack 3D Silicone Christmas Toys Push Bubble Stress Relief Pop Balls, Squeeze Pop Ball It Sensory Toys for Kids Teens Adults  ",4.4 out of 5 stars,497,https://amazon.com/gp/slredirect/picassoRedirect.html/ref=pa_sp_mtf_aps_sr_pg4_1?ie=UTF8&adId=A089374524M0UDPABO8DC&qualifier=1683340787&id=7636243014898674&widgetName=sp_mtf&url=%2FFidget-Silicone-Bubble-Squeeze-Sensory%2Fdp%2FB09LQK9WLX%2Fref%3Dsr_1_164_sspa%3Fkeywords%3Dball%26qid%3D1683340787%26sr%3D8-164-spons%26psc%3D1
"Set of 3 Sports Balls for Kids, Mini Sport Pack Includes Football, Soccer & Basketball for Soft Indoor & Outdoor Play Great for Toddlers & Little Hands  ",4.6 out of 5 stars,1490,https://amazon.com/Number-Gadgets-Football-Basketball-Toddlers/dp/B07PRMSF8D/ref=sr_1_165?keywords=ball&qid=1683340787&sr=8-165
Champion Sports Hollow Balls for Sport Practice or Play - 12 Pack  ,4.6 out of 5 stars,910,https://amazon.com/Champion-Sports-White-Plastic-Baseballs/dp/B000KA6JR8/ref=sr_1_166?keywords=ball&qid=1683340787&sr=8-166
"URBNFit Small Exercise Ball - 9-inch Mini Pilates Ball with Fitness Guide for Yoga, Barre, Physical Therapy, Stretching & Core Stability Workout  ",4.4 out of 5 stars,910,https://amazon.com/URBNFit-Mini-Pilates-Ball-Stretching/dp/B072JZL6GQ/ref=sr_1_167?keywords=ball&qid=1683340787&sr=8-167
Franklin Sports Practice Tennis Balls - Official Size Low Pressure Tennis Balls - Great for Training + Practice - 3 Pack Can of Low Bounce Tennis Balls - All Court Surface Tennis Balls  ,4.5 out of 5 stars,83,https://amazon.com/Franklin-Sports-Practice-Tennis-Balls/dp/B0BHFC9QCQ/ref=sr_1_168?keywords=ball&qid=1683340787&sr=8-168
"7-Inch Uncoated High Density Foam Ball - for Over 3 Years Old Kids Foam Sports Balls - Soft and Bouncy, Lightweight and Easy to Grasp Foam Silent Balls are Safe for Younger Children  ",4.5 out of 5 stars,1324,https://amazon.com/gp/slredirect/picassoRedirect.html/ref=pa_sp_mtf_aps_sr_pg4_1?ie=UTF8&adId=A100182717OOL5CZORSPS&qualifier=1683340787&id=7636243014898674&widgetName=sp_mtf&url=%2FBUHOET-7-Inch-Uncoated-High-Density%2Fdp%2FB09C88GDWM%2Fref%3Dsr_1_170_sspa%3Fkeywords%3Dball%26qid%3D1683340787%26sr%3D8-170-spons%26psc%3D1
GCQJOQ 6 Pcs Marbleized Bouncy Balls Kick Balls Inflatable Sensory Balls for Beach School Playground Indoor/Outdoor Play Balls - 9 Inch  ,3.7 out of 5 stars,1241,https://amazon.com/gp/slredirect/picassoRedirect.html/ref=pa_sp_mtf_aps_sr_pg4_1?ie=UTF8&adId=A07471232Z2EZVZLYVPW1&qualifier=1683340787&id=7636243014898674&widgetName=sp_mtf&url=%2FGCQJOQ-Marbleized-Inflatable-Sensory-Playground%2Fdp%2FB09YG6DRYK%2Fref%3Dsr_1_171_sspa%3Fkeywords%3Dball%26qid%3D1683340787%26sr%3D8-171-spons%26psc%3D1
"Bufeeaye Outside Toys for Kids Ages 4-8 - Toss and Catch Ball Set, Kids Outdoor Games Yard Games for Kids and Adults with 6 Paddles and 3 Balls Toys for 3 4 5 6 7 8 Year Old Boys Girls Birthday  ",4.6 out of 5 stars,1903,https://amazon.com/gp/slredirect/picassoRedirect.html/ref=pa_sp_mtf_aps_sr_pg4_1?ie=UTF8&adId=A0994160Y9S4JT0XNH44&qualifier=1683340787&id=7636243014898674&widgetName=sp_mtf&url=%2FOutdoor-Outside-Paddles-Playground-Backyard%2Fdp%2FB095VRB5D7%2Fref%3Dsr_1_172_sspa%3Fkeywords%3Dball%26qid%3D1683340787%26sr%3D8-172-spons%26psc%3D1
WILSON US Open Tennis Balls  ,4.7 out of 5 stars,497,https://amazon.com/Wilson-Open-Regular-Duty-Tennis/dp/B0009PUJVQ/ref=sr_1_173?keywords=ball&qid=1683340787&sr=8-173
"Intex 42"" Jumbo Beach Ball  ",4.4 out of 5 stars,497,https://amazon.com/Intex-Jumbo-Inflatable-Giant-Beach/dp/B004EIZRZ2/ref=sr_1_174?keywords=ball&qid=1683340787&sr=8-174
"Mideer Mini Basketballs, Mini Hoop Basketball Set with Air Pump for Indoor, Outdoor, Small Hoops Basketball Game Party Favors for Kids, Sizes and Colors Varied（Choose Between 7” and 9”）  ",4.7 out of 5 stars,1407,https://amazon.com/Mideer-Playground-Rubber-Basketballs-Kickballs/dp/B0B1CRCVXT/ref=sr_1_175?keywords=ball&qid=1683340787&sr=8-175
"Premium Playground Balls 8.5 inch, Best Kickball Dodgeball for Kids and Adults - Official Size for Dodge Ball, Handball, Square Game, Camps, Picnic, Church & School + Free Pump & Mesh Bag (Pack of 6)  ",4.6 out of 5 stars,1821,https://amazon.com/ToysOpoly-Playground-Dodgeball-Kickball-Adults/dp/B07571THRT/ref=sr_1_176?keywords=ball&qid=1683340787&sr=8-176
"Move2Play, Hilariously Interactive Toy Soccer Ball with Music and Sound Effects, Ball for Toddlers, Birthday Gift For Boys and Girls 1, 2, 3+ Years Old  ",4.4 out of 5 stars,1572,https://amazon.com/Talkin-Hilariously-Interactive-Toddlers-Move2Play/dp/B07CNZ95WV/ref=sr_1_177?keywords=ball&qid=1683340787&sr=8-177
12-Pack Neon Inflatable Beach Balls Bulk for Kids & Adults I Inflatable Pool Party Favors Swimming Pool Toys I Kids Beach Toys for Beach Games I Kids Summer Toys Water Balls I Toddler Pool Toys Set  ,3.3 out of 5 stars,745,https://amazon.com/Kangaroo-Inflatable-Rainbow-Beach-12-Pack/dp/B01M0I20E7/ref=sr_1_178?keywords=ball&qid=1683340787&sr=8-178
PCKL Elite 40 Pickleball Balls | Tournament and Competition Ball | 4 Pack of Balls | USA Pickleball Approved  ,4.6 out of 5 stars,1159,https://amazon.com/PCKL-Pickleball-Tournament-Competition-Approved/dp/B0BXMHSCHQ/ref=sr_1_179?keywords=ball&qid=1683340787&sr=8-179
"Stress Balls Set - 18 Pack - Stress Balls Fidget Toys For Kids and Adults - Sensory Ball, Squishy Balls With Colorful Water Beads,Anxiety Relief Calming Tool - Fidget Stress Toys for Autism & ADD/ADHD  ",3.8 out of 5 stars,1490,https://amazon.com/Stress-Ball-Set-Sensory-Colorful/dp/B095XGL3SW/ref=sr_1_180?keywords=ball&qid=1683340787&sr=8-180
Monster's Ball [Blu-ray]  ,4.7 out of 5 stars,745,https://amazon.com/Monsters-Ball-Blu-ray-Halle-Berry/dp/B001EKGQX0/ref=sr_1_181?keywords=ball&qid=1683340787&sr=8-181
"GoSports Weighted Training Balls - Hitting & Pitching Training for All Skill Levels - Improve Power and Mechanics, Choose Baseball or Softball  ",4.8 out of 5 stars,1572,https://amazon.com/GoSports-Weighted-Training-Baseballs-Mechanics/dp/B07RJZLQY7/ref=sr_1_182?keywords=ball&qid=1683340787&sr=8-182
"KEVENZ 60 or 120 Pack Ping Pong Balls, Assorted Color Table Tennis Balls, Multi-Color Pong Balls for Pong Games, Arts and Craft, Party Decoration, Not for Ball Pit  ",4.6 out of 5 stars,662,https://amazon.com/KEVENZ-50-Pack-Assorted-Plastic-Tennis/dp/B01NA9UMI0/ref=sr_1_183?keywords=ball&qid=1683340787&sr=8-183
Coogam Inflatable Beach Ball Classic Rainbow Color Birthday Pool Party Favors Summer Water Toy Fun Play Beachball Game for Kid Boys Girls 8 to 12 Inches from Inflated to Deflated (10 PCS)  ,4.3 out of 5 stars,993,https://amazon.com/Coogam-Inflatable-Birthday-Beachball-Inflated/dp/B07P7F7XH6/ref=sr_1_184?keywords=ball&qid=1683340787&sr=8-184
Champion Sports Plastic Baseball - One Dozen (12)  ,4.7 out of 5 stars,662,https://amazon.com/Champion-Sports-Plastic-Wiffle-Baseballs/dp/B003WY5MVI/ref=sr_1_185?keywords=ball&qid=1683340787&sr=8-185
Nitro Maximum Distance Golf Ball (12-Pack)  ,4.6 out of 5 stars,745,https://amazon.com/Distance-Levels-Nitro-Titanium-Compression-Approved-Total/dp/B00HB083SI/ref=sr_1_186?keywords=ball&qid=1683340787&sr=8-186
"Premium Inflatable Playground Balls Kickball, Bouncy Dodge Ball Handball, Perfect for Kids and Adults in Ball Games, Gym, Camps, Picnic and Yoga Exercises for Indoor and Outdoor(8.5-inch/10-inch, Several Colors&Size Available)  ",4.5 out of 5 stars,745,https://amazon.com/GSE-Playground-Dodgeball-Schoolyard-Games/dp/B07P7T3G5X/ref=sr_1_187?keywords=ball&qid=1683340787&sr=8-187
Callaway Warbird Golf Balls  ,4.7 out of 5 stars,1572,https://amazon.com/Callaway-Warbird-Balls-Version-White/dp/B0BMGYWVSH/ref=sr_1_188?keywords=ball&qid=1683340787&sr=8-188
Callaway Golf 2023 Supersoft Golf Balls (One Dozen)  ,4.7 out of 5 stars,1986,https://amazon.com/Callaway-Golf-Supersoft-Balls-Version/dp/B0BWZ282XH/ref=sr_1_189?keywords=ball&qid=1683340787&sr=8-189
Impresa -Unbreakable Squeeze Stress Balls - 3 Pack - Squishy Anxiety Toys for Kids and Adults with ADHD and Autism - 3 Colors (BPA/Phthalate/Latex-Free)  ,4.3 out of 5 stars,910,https://amazon.com/Impresa-Unbreakable-Squeeze-Phthalate-Latex-Free/dp/B01HN3RYDC/ref=sr_1_191?keywords=ball&qid=1683340787&sr=8-191
"YoYa Toys Fruit Squisheez Fruit Stress Balls - Fruit Squishy Set of 4 Fruit Toys (Dragon Fruit / Pitaya, Mango, Watermelon, Strawberry), Squishy Fruit Package, Unique Fruit Stress Ball  ",4.0 out of 5 stars,1241,https://amazon.com/YoYa-Toys-Fruit-Squisheez-Stress/dp/B0B2ZMPRTH/ref=sr_1_192?keywords=ball&qid=1683340787&sr=8-192
"4E's Novelty Mini Beach Balls Bulk 28 Pack, Summer Party Favors for Kids, Inflatable Pool Toys, Hawaiian Party Decorations or Pool Party Goodie Bag Fillers  ",4.3 out of 5 stars,1572,https://amazon.com/Beach-Summer-Favors-4Es-Novelty/dp/B09V3H6WQ4/ref=sr_1_193?keywords=ball&qid=1683340787&sr=8-193
"TOSY 36 and 360 LEDs Flying Disc - Extremely Bright, Smart Modes, Auto Light Up, Rechargeable, Patent-Pending, Perfect Birthday & Camping Gift for Men/Boys/Teens/Kids, 175g frisbees  ",4.6 out of 5 stars,3228,https://amazon.com/TOSY-360-LEDs-Frisbee-Rechargeable/dp/B0B1YMNGS2/ref=sr_1_194?keywords=ball&qid=1683340787&sr=8-194
"Live Infinitely 9 Inch Barre Pilates Ball & Hand Pump– Anti Burst Mini Ball & Digital Workout eBook Included for Yoga, Exercise, Balance & Stability Training – Comes with Mesh Carrying Bag  ",4.5 out of 5 stars,993,https://amazon.com/Live-Infinitely-Professional-Anti-Burst-Exercise/dp/B07CW4ZLNG/ref=sr_1_195?keywords=ball&qid=1683340787&sr=8-195
"Burt's Bees Mothers Day Lip Balm Gifts for Mom , Moisturizing Lip Care, for All Day Hydration, 100% Natural, Original Beeswax with Vitamin E & Peppermint Oil (4 Pack)  ",4.8 out of 5 stars,745,https://amazon.com/Burts-Bees-Moisturizing-Original-Peppermint/dp/B0054LHI5A/ref=sr_1_196?keywords=ball&qid=1683340787&sr=8-196
"ZippyPaws ZippyTuff Waggle Ball Dog Toy, Jumbo, 4.5""  ",3.3 out of 5 stars,1324,https://amazon.com/ZippyPaws-ZippyTuff-Waggle-Ball-Jumbo/dp/B09Z5VZ9SR/ref=sr_1_197?keywords=ball&qid=1683340787&sr=8-197
Penn Championship Tennis Balls - Extra Duty Felt Pressurized Tennis Balls  ,4.7 out of 5 stars,248,https://amazon.com/Penn-Championship-Extra-Tennis-Balls/dp/B0000BYRT0/ref=sr_1_199?keywords=ball&qid=1683340787&sr=8-199
Vanland Ball Pit Balls for Baby and Toddler Phthalate Free BPA Free Crush Proof Plastic - 7 Bright Colors in Reusable Play Toys for Kids with Storage Bag  ,4.4 out of 5 stars,1159,https://amazon.com/Vanland-Balls-Toddler-Phthalate-Plastic/dp/B0BW8QTMYS/ref=sr_1_200?keywords=ball&qid=1683340787&sr=8-200
"Pllieay 24 Pieces Jet Bouncy Balls Small Bouncy Balls for Kids, Rubber Balls 25mm Mixed Color Party Bag Filler for Children  ",4.5 out of 5 stars,745,https://amazon.com/Pllieay-Pieces-Jet-Bouncy-Filler-Children/dp/B074Z8C8RP/ref=sr_1_201?keywords=ball&qid=1683340787&sr=8-201
Wilson Prime All Court Tennis Ball  ,4.8 out of 5 stars,910,https://amazon.com/Wilson-Sporting-Goods-Prime-Tennis/dp/B07CFH181X/ref=sr_1_203?keywords=ball&qid=1683340787&sr=8-203
Xcello Sports Multi-Sport Set - Includes Size 5 Soccer Ball - Official B7 Basketball - Junior Football - Pump  ,4.4 out of 5 stars,3641,https://amazon.com/Ball-Assortment-Set-Official-Basketball/dp/B08ZDRCP92/ref=sr_1_204?keywords=ball&qid=1683340787&sr=8-204
