Product Name,Price,Rating,link
WOW SKIN SCIENCE Brightening Vitamin C Foaming  with Bu...,275,4.3,https://www.flipkart.com/wow-skin-science-brightening-vitamin-c-foaming-built-in-face-brush-deep-cleansing-no-parabens-sulphate-silicones-color-150-ml-wash/product-reviews/itmf93cbc5ac02db?pid=FCWFYGA63J8VFMMZ&lid=LSTFCWFYGA63J8VFMMZTNPLXT&marketplace=FLIPKART&q=face+wash&store=g9b%2Fema%2F5la%2Fjav&srno=s_1_1&otracker=search&otracker1=search&fm=organic&iid=en_AdRO7SVMWYXGxli7%2BmOvqQftWU1lSpKiBXogP%2FRPHdBXOEZAGUE6vkWN9mgEghwdtvyc%2BiTLSVM6JltqqcIJ1A%3D%3D&ppt=None&ppn=None&ssid=yxvbq6uh5c0000001669905283411&qH=4ac96af9d8f5121b
WOW SKIN SCIENCE Apple Cider Vinegar Foaming  - No Para...,307,4.3,https://www.flipkart.com/wow-skin-science-apple-cider-vinegar-foaming-no-parabens-sulphate-face-wash/product-reviews/itmbd81864d1c0de?pid=FCWFYFDCVEPQ3GHB&lid=LSTFCWFYFDCVEPQ3GHBHWPZX4&marketplace=FLIPKART&q=face+wash&store=g9b%2Fema%2F5la%2Fjav&srno=s_1_2&otracker=search&otracker1=search&fm=organic&iid=en_AdRO7SVMWYXGxli7%2BmOvqQftWU1lSpKiBXogP%2FRPHdAjbzbqP%2Fr0nvo0dV%2FIbufISZvN7RGQgL7nW6DQkOBWIQ%3D%3D&ppt=None&ppn=None&ssid=yxvbq6uh5c0000001669905283411&qH=4ac96af9d8f5121b
MamaEarth Ubtan Natural  for Dry Skin with Turmeric & S...,225,4.3,https://www.flipkart.com/mamaearth-ubtan-natural-dry-skin-turmeric-saffron-tan-removal-brightning-100-ml-sls-paraben-free-face-wash/product-reviews/itmf7ef6zn9ryfhv?pid=FCWF7DWRBPHJGDZH&lid=LSTFCWF7DWRBPHJGDZHEU4YYL&marketplace=FLIPKART&q=face+wash&store=g9b%2Fema%2F5la%2Fjav&spotlightTagId=BestsellerId_g9b%2Fema%2F5la%2Fjav&srno=s_1_3&otracker=search&otracker1=search&fm=organic&iid=7cfe5c32-568d-4045-98a1-bb6a17f94bf2.FCWF7DWRBPHJGDZH.SEARCH&ppt=None&ppn=None&ssid=yxvbq6uh5c0000001669905283411&qH=4ac96af9d8f5121b
Everyuth Naturals Tulsi Turmeric Face Wash,99,4.3,https://www.flipkart.com/everyuth-naturals-tulsi-turmeric-face-wash/product-reviews/itmfehr5wrspygsj?pid=FCWEUHFSZFMYAUPY&lid=LSTFCWEUHFSZFMYAUPYKO1NMX&marketplace=FLIPKART&q=face+wash&store=g9b%2Fema%2F5la%2Fjav&srno=s_1_4&otracker=search&otracker1=search&fm=organic&iid=7cfe5c32-568d-4045-98a1-bb6a17f94bf2.FCWEUHFSZFMYAUPY.SEARCH&ppt=None&ppn=None&ssid=yxvbq6uh5c0000001669905283411&qH=4ac96af9d8f5121b
NIVEA Milk Delights Honey  Face Wash,93,4.3,https://www.flipkart.com/nivea-milk-delights-honey-face-wash/product-reviews/itme467b9db2a0de?pid=FCWFCGFJH3GWGBXG&lid=LSTFCWFCGFJH3GWGBXGE0NMNH&marketplace=FLIPKART&q=face+wash&store=g9b%2Fema%2F5la%2Fjav&srno=s_1_5&otracker=search&otracker1=search&fm=organic&iid=7cfe5c32-568d-4045-98a1-bb6a17f94bf2.FCWFCGFJH3GWGBXG.SEARCH&ppt=None&ppn=None&ssid=yxvbq6uh5c0000001669905283411&qH=4ac96af9d8f5121b
Everyuth Naturals Brightening Lemon and Cherry Face Was...,188,4.3,https://www.flipkart.com/everyuth-naturals-brightening-lemon-cherry-face-wash/product-reviews/itmff338ehfxp5eg?pid=FCWG9UNWBXEUABYN&lid=LSTFCWG9UNWBXEUABYNJPSAZB&marketplace=FLIPKART&q=face+wash&store=g9b%2Fema%2F5la%2Fjav&srno=s_1_6&otracker=search&otracker1=search&fm=organic&iid=7cfe5c32-568d-4045-98a1-bb6a17f94bf2.FCWG9UNWBXEUABYN.SEARCH&ppt=None&ppn=None&ssid=yxvbq6uh5c0000001669905283411&qH=4ac96af9d8f5121b
LOTUS HERBALS WhiteGlow 3-In-1 Deep Cleansing Skin Whit...,166,4.3,https://www.flipkart.com/lotus-herbals-whiteglow-3-in-1-deep-cleansing-skin-whitening-facial-foam-face-wash-all-types-wash/product-reviews/itm4ecfa74ba4850?pid=FCWDNFZ9RNTNP7A4&lid=LSTFCWDNFZ9RNTNP7A4KJUJDM&marketplace=FLIPKART&q=face+wash&store=g9b%2Fema%2F5la%2Fjav&srno=s_1_7&otracker=search&otracker1=search&fm=organic&iid=7cfe5c32-568d-4045-98a1-bb6a17f94bf2.FCWDNFZ9RNTNP7A4.SEARCH&ppt=None&ppn=None&ssid=yxvbq6uh5c0000001669905283411&qH=4ac96af9d8f5121b
WOW SKIN SCIENCE Ubtan  For Oily Skin- Tan Removal and ...,219,4.3,https://www.flipkart.com/wow-skin-science-ubtan-oily-skin-tan-removal-brightening-face-wash/product-reviews/itma5b2cefefaee7?pid=FCWFMHSXPHG6HDDA&lid=LSTFCWFMHSXPHG6HDDAPTBAK4&marketplace=FLIPKART&q=face+wash&store=g9b%2Fema%2F5la%2Fjav&srno=s_1_8&otracker=search&otracker1=search&fm=organic&iid=en_AdRO7SVMWYXGxli7%2BmOvqQftWU1lSpKiBXogP%2FRPHdA7erNI8V%2BEhTUYqBgadO%2BF5Z9mLJtKPrDFibJXturzRQ%3D%3D&ppt=None&ppn=None&ssid=yxvbq6uh5c0000001669905283411&qH=4ac96af9d8f5121b
BIOTIQUE Bio White Advanced Fairness  Face Wash,235,4.3,https://www.flipkart.com/biotique-bio-white-advanced-fairness-face-wash/product-reviews/itmf3vd9tgcrh96f?pid=FCWFFZPYCGVGZ7CQ&lid=LSTFCWFFZPYCGVGZ7CQAMIXTP&marketplace=FLIPKART&q=face+wash&store=g9b%2Fema%2F5la%2Fjav&srno=s_1_9&otracker=search&otracker1=search&fm=organic&iid=7cfe5c32-568d-4045-98a1-bb6a17f94bf2.FCWFFZPYCGVGZ7CQ.SEARCH&ppt=None&ppn=None&ssid=yxvbq6uh5c0000001669905283411&qH=4ac96af9d8f5121b
MUUCHSTAC Ocean  Face Wash,275,4.3,https://www.flipkart.com/muuchstac-ocean-face-wash/product-reviews/itmf52a14429dc29?pid=FCWF9RWJGXBYCP6T&lid=LSTFCWF9RWJGXBYCP6TQQFLOO&marketplace=FLIPKART&q=face+wash&store=g9b%2Fema%2F5la%2Fjav&srno=s_1_10&otracker=search&otracker1=search&fm=organic&iid=7cfe5c32-568d-4045-98a1-bb6a17f94bf2.FCWF9RWJGXBYCP6T.SEARCH&ppt=None&ppn=None&ssid=yxvbq6uh5c0000001669905283411&qH=4ac96af9d8f5121b
"GARNIER Bright Complete VITAMIN C Facewash, 150g (Pack ...",312,4.3,https://www.flipkart.com/garnier-bright-complete-vitamin-c-facewash-150g-pack-2-face-wash/product-reviews/itmaf7d55d817b1f?pid=FCWG34QYGYYDGXKP&lid=LSTFCWG34QYGYYDGXKPP9DWGN&marketplace=FLIPKART&q=face+wash&store=g9b%2Fema%2F5la%2Fjav&srno=s_1_11&otracker=search&otracker1=search&fm=organic&iid=7cfe5c32-568d-4045-98a1-bb6a17f94bf2.FCWG34QYGYYDGXKP.SEARCH&ppt=None&ppn=None&ssid=yxvbq6uh5c0000001669905283411&qH=4ac96af9d8f5121b
WOW SKIN SCIENCE Vitamin C  In Paper Tube (Eco Friendly...,198,4.3,https://www.flipkart.com/wow-skin-science-vitamin-c-paper-tube-eco-friendly-packaging-no-parabens-sulphate-silicones-color-100ml-face-wash/product-reviews/itm4411af4e625e1?pid=FCWG7ZSSSUY7UUSQ&lid=LSTFCWG7ZSSSUY7UUSQQENO6V&marketplace=FLIPKART&q=face+wash&store=g9b%2Fema%2F5la%2Fjav&srno=s_1_12&otracker=search&otracker1=search&fm=organic&iid=en_AdRO7SVMWYXGxli7%2BmOvqQftWU1lSpKiBXogP%2FRPHdCdl01lLE%2F44QNX08wVIbqgIEaUKj%2B8nwRm1DMmN6TzKg%3D%3D&ppt=None&ppn=None&ssid=yxvbq6uh5c0000001669905283411&qH=4ac96af9d8f5121b
Lakmé Blush and Glow Strawberry Gel Face Wash,192,4.3,https://www.flipkart.com/lakm-blush-glow-strawberry-gel-face-wash/product-reviews/itmf84jgvg7eegqg?pid=FCWDZCPTF4KNCJU3&lid=LSTFCWDZCPTF4KNCJU363NCLI&marketplace=FLIPKART&q=face+wash&store=g9b%2Fema%2F5la%2Fjav&srno=s_1_13&otracker=search&otracker1=search&fm=organic&iid=7cfe5c32-568d-4045-98a1-bb6a17f94bf2.FCWDZCPTF4KNCJU3.SEARCH&ppt=None&ppn=None&ssid=yxvbq6uh5c0000001669905283411&qH=4ac96af9d8f5121b
Garnier Men Acno Fight Anti-Pimple Facewash for Acne Pr...,222,4.3,https://www.flipkart.com/garnier-men-acno-fight-anti-pimple-facewash-acne-prone-skin-150g-face-wash/product-reviews/itma99d58b632938?pid=FCWFY34AA993DFA3&lid=LSTFCWFY34AA993DFA3KXW8TG&marketplace=FLIPKART&q=face+wash&store=g9b%2Fema%2F5la%2Fjav&srno=s_1_14&otracker=search&otracker1=search&fm=organic&iid=7cfe5c32-568d-4045-98a1-bb6a17f94bf2.FCWFY34AA993DFA3.SEARCH&ppt=None&ppn=None&ssid=yxvbq6uh5c0000001669905283411&qH=4ac96af9d8f5121b
Clean & Clear Face Wash,369,4.3,https://www.flipkart.com/clean-clear-face-wash/product-reviews/itm799e7e96c238b?pid=FCWFZ3HSRGPYYC7C&lid=LSTFCWFZ3HSRGPYYC7CSLLEYL&marketplace=FLIPKART&q=face+wash&store=g9b%2Fema%2F5la%2Fjav&spotlightTagId=BestsellerId_g9b%2Fema%2F5la%2Fjav&srno=s_1_15&otracker=search&otracker1=search&fm=organic&iid=7cfe5c32-568d-4045-98a1-bb6a17f94bf2.FCWFZ3HSRGPYYC7C.SEARCH&ppt=None&ppn=None&ssid=yxvbq6uh5c0000001669905283411&qH=4ac96af9d8f5121b
Aroma Magic Neem & Tea Tree  Face Wash,170,4.3,https://www.flipkart.com/aroma-magic-neem-tea-tree-face-wash/product-reviews/itmf3vd9ym75meas?pid=FCWEYGWWMU27MDPC&lid=LSTFCWEYGWWMU27MDPCBDOLBV&marketplace=FLIPKART&q=face+wash&store=g9b%2Fema%2F5la%2Fjav&srno=s_1_16&otracker=search&otracker1=search&fm=organic&iid=en_AdRO7SVMWYXGxli7%2BmOvqQftWU1lSpKiBXogP%2FRPHdBfq2zVD9V0dfutI3IfcIQdaRrWO5TZa7w3yxduXPNpZA%3D%3D&ppt=None&ppn=None&ssid=yxvbq6uh5c0000001669905283411&qH=4ac96af9d8f5121b
"MamaEarth ""Vitamin C  with Vitamin C and Turmeric for S...",225,4.3,https://www.flipkart.com/mamaearth-vitamin-c-vitamin-turmeric-skin-illumination-100ml-face-wash/product-reviews/itm66b6e8ac950d2?pid=FCWFSNP33DFHZUHM&lid=LSTFCWFSNP33DFHZUHMUUC0OR&marketplace=FLIPKART&q=face+wash&store=g9b%2Fema%2F5la%2Fjav&srno=s_1_17&otracker=search&otracker1=search&fm=organic&iid=7cfe5c32-568d-4045-98a1-bb6a17f94bf2.FCWFSNP33DFHZUHM.SEARCH&ppt=None&ppn=None&ssid=yxvbq6uh5c0000001669905283411&qH=4ac96af9d8f5121b
Garnier Men Power White Double Action Charcoal  Face Wa...,222,4.3,https://www.flipkart.com/garnier-men-power-white-double-action-charcoal-face-wash/product-reviews/itm9ead2a87e4c3b?pid=FCWFY34ATEJ2SUWH&lid=LSTFCWFY34ATEJ2SUWHKYU8MS&marketplace=FLIPKART&q=face+wash&store=g9b%2Fema%2F5la%2Fjav&srno=s_1_18&otracker=search&otracker1=search&fm=organic&iid=7cfe5c32-568d-4045-98a1-bb6a17f94bf2.FCWFY34ATEJ2SUWH.SEARCH&ppt=None&ppn=None&ssid=yxvbq6uh5c0000001669905283411&qH=4ac96af9d8f5121b
MamaEarth Rice  With Rice Water & Niacinamide for Glass...,220,4.3,https://www.flipkart.com/mamaearth-rice-water-niacinamide-glass-skin-face-wash/product-reviews/itm9db135ea0deb6?pid=FCWGEMRZDJEESNZY&lid=LSTFCWGEMRZDJEESNZYYCFYTU&marketplace=FLIPKART&q=face+wash&store=g9b%2Fema%2F5la%2Fjav&srno=s_1_19&otracker=search&otracker1=search&fm=organic&iid=7cfe5c32-568d-4045-98a1-bb6a17f94bf2.FCWGEMRZDJEESNZY.SEARCH&ppt=None&ppn=None&ssid=yxvbq6uh5c0000001669905283411&qH=4ac96af9d8f5121b
NIVEA Oil Control All In 1  100 ml - Pack of 3 Face Was...,465,4.3,https://www.flipkart.com/nivea-oil-control-all-1-100-ml-pack-3-face-wash/product-reviews/itmf6ycpwfqht2ah?pid=FCWF6YCPHYRZXDDZ&lid=LSTFCWF6YCPHYRZXDDZBTYGQD&marketplace=FLIPKART&q=face+wash&store=g9b%2Fema%2F5la%2Fjav&srno=s_1_20&otracker=search&otracker1=search&fm=organic&iid=en_AdRO7SVMWYXGxli7%2BmOvqQftWU1lSpKiBXogP%2FRPHdADIfj6MLO7gfoSkQiyJA8BmmyIe%2FKOyCepTcqznXjgxA%3D%3D&ppt=None&ppn=None&ssid=yxvbq6uh5c0000001669905283411&qH=4ac96af9d8f5121b
"GARNIER Bright Complete VITAMIN C Facewash, 150g Face W...",189,4.3,https://www.flipkart.com/garnier-bright-complete-vitamin-c-facewash-150g-face-wash/product-reviews/itmc0d2b92ccb4e3?pid=FCWG34QYVU6KRH3J&lid=LSTFCWG34QYVU6KRH3JOWOPJL&marketplace=FLIPKART&q=face+wash&store=g9b%2Fema%2F5la%2Fjav&srno=s_1_21&otracker=search&otracker1=search&fm=organic&iid=7cfe5c32-568d-4045-98a1-bb6a17f94bf2.FCWG34QYVU6KRH3J.SEARCH&ppt=None&ppn=None&ssid=yxvbq6uh5c0000001669905283411&qH=4ac96af9d8f5121b
WOW SKIN SCIENCE Brightening Vitamin C  For Hyperpigmen...,169,4.3,https://www.flipkart.com/wow-skin-science-brightening-vitamin-c-hyperpigmentation-face-wash/product-reviews/itm8101c7566b511?pid=FCWFHHKUNU9EFWZQ&lid=LSTFCWFHHKUNU9EFWZQZBC4JJ&marketplace=FLIPKART&q=face+wash&store=g9b%2Fema%2F5la%2Fjav&srno=s_1_22&otracker=search&otracker1=search&fm=organic&iid=7cfe5c32-568d-4045-98a1-bb6a17f94bf2.FCWFHHKUNU9EFWZQ.SEARCH&ppt=None&ppn=None&ssid=yxvbq6uh5c0000001669905283411&qH=4ac96af9d8f5121b
MamaEarth Tea Tree Natural  with Neem for Acne & Pimple...,225,4.3,https://www.flipkart.com/mamaearth-tea-tree-natural-neem-acne-pimples-face-wash/product-reviews/itmb3397c2e06e28?pid=FCWF7DWUZJNFDFHD&lid=LSTFCWF7DWUZJNFDFHD4LSGOQ&marketplace=FLIPKART&q=face+wash&store=g9b%2Fema%2F5la%2Fjav&srno=s_1_23&otracker=search&otracker1=search&fm=organic&iid=7cfe5c32-568d-4045-98a1-bb6a17f94bf2.FCWF7DWUZJNFDFHD.SEARCH&ppt=None&ppn=None&ssid=yxvbq6uh5c0000001669905283411&qH=4ac96af9d8f5121b
"Spawake Anti Aging Face wash, Age Solution Intensive Fo...",284,4.3,https://www.flipkart.com/spawake-anti-aging-face-wash-age-solution-intensive-foaming-100g-wash/product-reviews/itmb53bd844db8da?pid=FCWG3E44HJEXQPBA&lid=LSTFCWG3E44HJEXQPBARE0IFS&marketplace=FLIPKART&q=face+wash&store=g9b%2Fema%2F5la%2Fjav&srno=s_1_24&otracker=search&otracker1=search&fm=organic&iid=en_AdRO7SVMWYXGxli7%2BmOvqQftWU1lSpKiBXogP%2FRPHdCHteGqxToijvN5xR5nWTqZ%2FCp30ca64Sm67Y3KWl%2BQBw%3D%3D&ppt=None&ppn=None&ssid=yxvbq6uh5c0000001669905283411&qH=4ac96af9d8f5121b
MamaEarth Vitamin C Foaming  Face Wash,339,4.3,https://www.flipkart.com/mamaearth-vitamin-c-foaming-face-wash/product-reviews/itm0e99ce4d476d5?pid=FCWFVNEHFCM2SFXV&lid=LSTFCWFVNEHFCM2SFXVH5EK1Z&marketplace=FLIPKART&q=face+wash&store=g9b%2Fema%2F5la%2Fjav&srno=s_1_25&otracker=search&otracker1=search&fm=organic&iid=7cfe5c32-568d-4045-98a1-bb6a17f94bf2.FCWFVNEHFCM2SFXV.SEARCH&ppt=None&ppn=None&ssid=yxvbq6uh5c0000001669905283411&qH=4ac96af9d8f5121b
POND's Bright Beauty Spot-less glow Face Wash,171,4.3,https://www.flipkart.com/pond-s-bright-beauty-spot-less-glow-face-wash/product-reviews/itma67d5eb3e2e43?pid=FCWDMDNHSMQ3MBKG&lid=LSTFCWDMDNHSMQ3MBKG0UVAF4&marketplace=FLIPKART&q=face+wash&store=g9b%2Fema%2F5la%2Fjav&srno=s_1_26&otracker=search&otracker1=search&fm=organic&iid=7cfe5c32-568d-4045-98a1-bb6a17f94bf2.FCWDMDNHSMQ3MBKG.SEARCH&ppt=None&ppn=None&ssid=yxvbq6uh5c0000001669905283411&qH=4ac96af9d8f5121b
BIOTIQUE Honey Gel Soothe & Nourish Foaming  Face Wash,175,4.3,https://www.flipkart.com/biotique-honey-gel-soothe-nourish-foaming-face-wash/product-reviews/itm23cc3b0138184?pid=FCWEDGGPGQ6RHCDS&lid=LSTFCWEDGGPGQ6RHCDSCHWATN&marketplace=FLIPKART&q=face+wash&store=g9b%2Fema%2F5la%2Fjav&srno=s_1_27&otracker=search&otracker1=search&fm=organic&iid=7cfe5c32-568d-4045-98a1-bb6a17f94bf2.FCWEDGGPGQ6RHCDS.SEARCH&ppt=None&ppn=None&ssid=yxvbq6uh5c0000001669905283411&qH=4ac96af9d8f5121b
Spawake Moisture Solution  Face Wash,163,4.3,https://www.flipkart.com/spawake-moisture-solution-face-wash/product-reviews/itmf5s3j7kxhsjd6?pid=FCWF5SYETZYZUPR3&lid=LSTFCWF5SYETZYZUPR32GX5FA&marketplace=FLIPKART&q=face+wash&store=g9b%2Fema%2F5la%2Fjav&srno=s_1_28&otracker=search&otracker1=search&fm=organic&iid=en_AdRO7SVMWYXGxli7%2BmOvqQftWU1lSpKiBXogP%2FRPHdA7NGr5w%2FdGzSfj4RkODG60IrSvNxG4hj%2Fh3Kj1P4LygQ%3D%3D&ppt=None&ppn=None&ssid=yxvbq6uh5c0000001669905283411&qH=4ac96af9d8f5121b
POND's Bright Beauty Spot-less Glow  With Vitamins Face...,234,4.3,https://www.flipkart.com/pond-s-bright-beauty-spot-less-glow-vitamins-face-wash/product-reviews/itm2f5dd1321de06?pid=FCWFY6KYHZ9WYM9N&lid=LSTFCWFY6KYHZ9WYM9NBJOK3I&marketplace=FLIPKART&q=face+wash&store=g9b%2Fema%2F5la%2Fjav&srno=s_1_29&otracker=search&otracker1=search&fm=organic&iid=7cfe5c32-568d-4045-98a1-bb6a17f94bf2.FCWFY6KYHZ9WYM9N.SEARCH&ppt=None&ppn=None&ssid=yxvbq6uh5c0000001669905283411&qH=4ac96af9d8f5121b
Minimalist 2% Salicylic Acid Face wash For Oily Skin - ...,284,4.3,https://www.flipkart.com/minimalist-2-salicylic-acid-face-wash-oily-skin-oil-control-anti-acne-men-women/product-reviews/itm0afcfaf946e07?pid=CNRG4YR6NRWY3NAR&lid=LSTCNRG4YR6NRWY3NARU8QBVK&marketplace=FLIPKART&q=face+wash&store=g9b%2Fema%2F5la%2Fjav&srno=s_1_30&otracker=search&otracker1=search&fm=organic&iid=7cfe5c32-568d-4045-98a1-bb6a17f94bf2.CNRG4YR6NRWY3NAR.SEARCH&ppt=None&ppn=None&ssid=yxvbq6uh5c0000001669905283411&qH=4ac96af9d8f5121b
NIVEA Milk Delights Precious Saffron Face Wash,93,4.3,https://www.flipkart.com/nivea-milk-delights-precious-saffron-face-wash/product-reviews/itmfe7gdt47sysw2?pid=FCWFCGFJCQBCHGY7&lid=LSTFCWFCGFJCQBCHGY7HTUPIC&marketplace=FLIPKART&q=face+wash&store=g9b%2Fema%2F5la%2Fjav&srno=s_1_31&otracker=search&otracker1=search&fm=organic&iid=7cfe5c32-568d-4045-98a1-bb6a17f94bf2.FCWFCGFJCQBCHGY7.SEARCH&ppt=None&ppn=None&ssid=yxvbq6uh5c0000001669905283411&qH=4ac96af9d8f5121b
"Nea Papaya, Vitamin C & Tea Tree Oil for Hydrating & Gl...",238,4.3,https://www.flipkart.com/nea-papaya-vitamin-c-tea-tree-oil-hydrating-glowing-skin-face-wash/product-reviews/itmd819f8a519fc3?pid=FCWGEHKQDAPNWFH2&lid=LSTFCWGEHKQDAPNWFH2OCWJGL&marketplace=FLIPKART&q=face+wash&store=g9b%2Fema%2F5la%2Fjav&srno=s_1_32&otracker=search&otracker1=search&fm=organic&iid=en_AdRO7SVMWYXGxli7%2BmOvqQftWU1lSpKiBXogP%2FRPHdDtTSYQJK8n%2BJJqODVQqOD83b0J%2BLoueqFXP%2BQpE8DjcA%3D%3D&ppt=None&ppn=None&ssid=yxvbq6uh5c0000001669905283411&qH=4ac96af9d8f5121b
FAIR AND HANDSOME 100% Oil Clear Instant Radiance Charc...,159,4.3,https://www.flipkart.com/fair-handsome-100-oil-clear-instant-radiance-charcoal-beads-pimple-blackhead-reduction-face-wash/product-reviews/itmb6a4ff77aae72?pid=FCWFH57ERFGKGJ8M&lid=LSTFCWFH57ERFGKGJ8MUNC4EU&marketplace=FLIPKART&q=face+wash&store=g9b%2Fema%2F5la%2Fjav&spotlightTagId=TrendingId_g9b%2Fema%2F5la%2Fjav&srno=s_1_33&otracker=search&otracker1=search&fm=organic&iid=7cfe5c32-568d-4045-98a1-bb6a17f94bf2.FCWFH57ERFGKGJ8M.SEARCH&ppt=None&ppn=None&ssid=yxvbq6uh5c0000001669905283411&qH=4ac96af9d8f5121b
NIVEA Dark Spot Reduction Face Wash,108,4.3,https://www.flipkart.com/nivea-dark-spot-reduction-face-wash/product-reviews/itmf3vdagc3kmywu?pid=FCWEZGK28UZ6PAFE&lid=LSTFCWEZGK28UZ6PAFEOUDJXW&marketplace=FLIPKART&q=face+wash&store=g9b%2Fema%2F5la%2Fjav&srno=s_1_34&otracker=search&otracker1=search&fm=organic&iid=7cfe5c32-568d-4045-98a1-bb6a17f94bf2.FCWEZGK28UZ6PAFE.SEARCH&ppt=None&ppn=None&ssid=yxvbq6uh5c0000001669905283411&qH=4ac96af9d8f5121b
"Lakmé Perfect Radiance Intense Brightening , With Vitam...",145,4.3,https://www.flipkart.com/lakm-perfect-radiance-intense-brightening-vitamin-b3-face-wash/product-reviews/itme8b47ee558226?pid=FCWGAXEUTWDXUHEN&lid=LSTFCWGAXEUTWDXUHENDU5164&marketplace=FLIPKART&q=face+wash&store=g9b%2Fema%2F5la%2Fjav&srno=s_1_35&otracker=search&otracker1=search&fm=organic&iid=7cfe5c32-568d-4045-98a1-bb6a17f94bf2.FCWGAXEUTWDXUHEN.SEARCH&ppt=None&ppn=None&ssid=yxvbq6uh5c0000001669905283411&qH=4ac96af9d8f5121b
ST.IVES Watermelon Hydrating  for Deeply Clean Hydrated...,252,4.3,https://www.flipkart.com/st-ives-watermelon-hydrating-deeply-clean-hydrated-skin-face-wash/product-reviews/itmfe00188adf2ae?pid=FCWGFD3FSMFBSC8E&lid=LSTFCWGFD3FSMFBSC8ECAYUHX&marketplace=FLIPKART&q=face+wash&store=g9b%2Fema%2F5la%2Fjav&srno=s_1_36&otracker=search&otracker1=search&fm=organic&iid=en_AdRO7SVMWYXGxli7%2BmOvqQftWU1lSpKiBXogP%2FRPHdAlpleTorfFFKYHfmtPAAn0sDdqnQ%2B2awoYe7aFryUFlQ%3D%3D&ppt=None&ppn=None&ssid=yxvbq6uh5c0000001669905283411&qH=4ac96af9d8f5121b
MUUCHSTAC Herbal Skin Lightening Haldi Enriched  With A...,249,4.3,https://www.flipkart.com/muuchstac-herbal-skin-lightening-haldi-enriched-aloe-vera-extracts-face-wash/product-reviews/itmc83f05bd709e1?pid=FCWGJTEWYZHRTN7Q&lid=LSTFCWGJTEWYZHRTN7QZ1YU6J&marketplace=FLIPKART&q=face+wash&store=g9b%2Fema%2F5la%2Fjav&srno=s_1_37&otracker=search&otracker1=search&fm=organic&iid=7cfe5c32-568d-4045-98a1-bb6a17f94bf2.FCWGJTEWYZHRTN7Q.SEARCH&ppt=None&ppn=None&ssid=yxvbq6uh5c0000001669905283411&qH=4ac96af9d8f5121b
MamaEarth Ubtan Natural  with Turmeric & Saffron Face W...,423,4.3,https://www.flipkart.com/mamaearth-ubtan-natural-turmeric-saffron-face-wash/product-reviews/itmfg9svexffabzq?pid=FCWFG9R6DSGHJEMD&lid=LSTFCWFG9R6DSGHJEMDNLNXSJ&marketplace=FLIPKART&q=face+wash&store=g9b%2Fema%2F5la%2Fjav&srno=s_1_38&otracker=search&otracker1=search&fm=organic&iid=7cfe5c32-568d-4045-98a1-bb6a17f94bf2.FCWFG9R6DSGHJEMD.SEARCH&ppt=None&ppn=None&ssid=yxvbq6uh5c0000001669905283411&qH=4ac96af9d8f5121b
MamaEarth Charcoal Natural  for oil control and polluti...,220,4.3,https://www.flipkart.com/mamaearth-charcoal-natural-oil-control-pollution-defence-100-ml-oily-skin-sls-paraben-free-face-wash/product-reviews/itmf7fdzphyc8caa?pid=FCWF7DWSNY9KEYTZ&lid=LSTFCWF7DWSNY9KEYTZEDAA2W&marketplace=FLIPKART&q=face+wash&store=g9b%2Fema%2F5la%2Fjav&srno=s_1_39&otracker=search&otracker1=search&fm=organic&iid=7cfe5c32-568d-4045-98a1-bb6a17f94bf2.FCWF7DWSNY9KEYTZ.SEARCH&ppt=None&ppn=None&ssid=yxvbq6uh5c0000001669905283411&qH=4ac96af9d8f5121b
"The Derma Co Oil-Free Daily  With Hyaluronic Acid, Glyc...",248,4.3,https://www.flipkart.com/derma-co-oil-free-daily-hyaluronic-acid-glycolic-acid-multivitamins-face-wash/product-reviews/itm08fc46f19e921?pid=FCWGFDAYRKJSCFU4&lid=LSTFCWGFDAYRKJSCFU4Z33QPO&marketplace=FLIPKART&q=face+wash&store=g9b%2Fema%2F5la%2Fjav&srno=s_1_40&otracker=search&otracker1=search&fm=organic&iid=en_AdRO7SVMWYXGxli7%2BmOvqQftWU1lSpKiBXogP%2FRPHdCr3qDC0boYRQ3rsWt%2BaGyNEzRxhhzMTSZ0ZNVG0FuvAg%3D%3D&ppt=None&ppn=None&ssid=yxvbq6uh5c0000001669905283411&qH=4ac96af9d8f5121b
