Product Name,Price,Rating
Assamese Holy Bible,299,4.8
Sawan Present Set Of 3 Board Books | My First Board Boo...,249,4.8
Vegetable Book For Kids | First Learning Book Kit For K...,459,4.8
"CBSE All In One Class 10 Science,Social Science And Eng...",1350,4.8
Smruti's All In One,141,4.8
All In Jumbo English- Hindi,249,4.8
My First A B C Book (KP),188,4.8
Parts Of The Body Hard Laminated Educational Chart | By...,144,4.8
Smruti'sAll In One (English-Odia),222,4.8
Cyber Law,495,4.8
Adadon Ki Hukumat Urdu Characteristic On Number Comes F...,145,4.8
The NameFake,125,4.8
My Big A B C (Smruti's),179,4.8
Kids Learning Wall Chart |Vegetables Chart For Kids | C...,285,4.8
Name: Behind the Indian Boom: Inequality and Resistance...,100,4.8
Amen The Forgotten Name of Jesus,400,4.8
Bacchho Ke 2001 Naam 1 Edition,134,4.8
My First 1000 Words Picture Book In English| Children B...,475,4.8
"My First Activity Binder - Montessori Busy Books, 10 Ac...",702,4.8
Complete History MCQ UPSC & Other Competitive Exams Que...,325,4.8
Rasul E Pak Ke Asma Girami Ma Tashrih Urdu Name Of Prop...,200,4.8
All About Animals Flashcards,405,4.8
Islami Namon Ka Encyclopedia Collection Of Islamic Baby...,190,4.8
English Rhyme (A) Rhyme Book For Nursery Kids Age Group...,149,4.8
CBSE TERM II 2022 HINDI A (KSHITIZ & KRITIKA ) CLASS 10...,151,4.8
Mo Pratham Sikhya Odia Chabbi Bahi,169,4.8
7777 Namon Ka Khazana Islamic Name Of Children With Gen...,181,4.8
My Second Picture Dictionary (B) Theme Based Picture Di...,175,4.8
In the Name of the Mother,224,4.8
"A Name for Every Leaf: Selected Poems, 1959-2015",344,4.8
Namon Ka Khazana Hindi,165,4.8
Srijan Living Planet 4 (A Book Of Environmental Studies...,210,4.8
Cursive Writing For Class 2 Age Group 5 To 7,168,4.8
The Noble Quran: Interpretation Of The Meanings Of The ...,370,4.8
White Paper Soft Cover Exercise Notebook (Unruled) Regi...,275,4.8
Bachhon Ke Dilkash Naam Urdu Islamic Name With Meaning ...,158,4.8
Naam Aur Insaan Ki Shakhsiyat Urdu Islamic Name With Di...,145,4.8
White Paper Soft Cover Exercise Notebook (Unruled) Regi...,200,4.8
2360 Ram Name Writing Book,339,4.8
"Days Name, Names Of The Days Of The Week A3 Size | Days...",151,4.8
