product,rating,price,product url
Humixx Shockproof Designed for Google Pixel 7 Pro Case [Military Grade Drop Tested] [Ultimate Silky Touch] Translucent Hard Back Protective Slim Thin Matte Black Phone Cases for Pixel 7 Pro 5G 6.7”  ,4.4 out of 5 stars,1296,https://amazon.com/gp/slredirect/picassoRedirect.html/ref=pa_sp_atf_next_aps_sr_pg4_1?ie=UTF8&adId=A08696293V0Q0MCNEQEE0&qualifier=1669650579&id=6607784027236291&widgetName=sp_atf_next&url=%2FHumixx-Google-Pixel-Pro-Case%2Fdp%2FB0B94DXPZG%2Fref%3Dsr_1_49_sspa%3Fkeywords%3Dphone%2Bback%2Bcase%26qid%3D1669650579%26sr%3D8-49-spons%26psc%3D1
"MMHUO for iPhone 14 Case with Card Holder, Flower Magnetic Back Flip Case for iPhone 14 Wallet Case for Women, Protective Case Phone Case for iPhone 14,Purple  ",4.6 out of 5 stars,891,https://amazon.com/gp/slredirect/picassoRedirect.html/ref=pa_sp_atf_next_aps_sr_pg4_1?ie=UTF8&adId=A08712662W6ZMHVO1SYRG&qualifier=1669650579&id=6607784027236291&widgetName=sp_atf_next&url=%2FMMHUO-iPhone-Holder-Magnetic-Protective%2Fdp%2FB0B7J1C1PT%2Fref%3Dsr_1_50_sspa%3Fkeywords%3Dphone%2Bback%2Bcase%26qid%3D1669650579%26sr%3D8-50-spons%26psc%3D1
"CASEQUUE for iPhone 11 Magsafe Case, [Military Drop Protection] [Skin-Friendly Touch] Strong Magnetic Shockproof Protective Slim Thin Phone Cover 6.1 inch, Blue  ",4.6 out of 5 stars,1539,https://amazon.com/CASEQUUE-Protection-Skin-Friendly-Shockproof-Protective/dp/B0B5ZSJL9L/ref=sr_1_51?keywords=phone+back+case&qid=1669650579&sr=8-51
"TORRAS Magnetic UPRO Ostand for iPhone 14 Case/iPhone 13 Case 6.1 Inch, [Compatible with MagSafe] Matte Hard Back with Soft Silicone Edge Protective Yet Slim Kickstand Phone Cases for iPhone 14, Black  ",4.4 out of 5 stars,2106,https://amazon.com/TORRAS-Magnetic-Compatible-Protective-Kickstand/dp/B0B7W9SNSQ/ref=sr_1_52?keywords=phone+back+case&qid=1669650579&sr=8-52
Spigen Ultra Hybrid Designed for iPhone 13 Case (2021) - Matte Black  ,4.6 out of 5 stars,1134,https://amazon.com/Spigen-Ultra-Hybrid-Designed-iPhone/dp/B096HSQLMD/ref=sr_1_53?keywords=phone+back+case&qid=1669650579&sr=8-53
"Rayboen for Samsung Galaxy A32 5G Case Diamond Clear Designed [Anti-Yellowing] Shockproof Phone Case, Hard Back & Soft TPU Bumper Hybrid Transparent Cover for Galaxy A32 5G Phone Case 6.5 inch  ",4.5 out of 5 stars,648,https://amazon.com/Rayboen-Designed-Anti-Yellowing-Shockproof-Transparent/dp/B09XMGRVRS/ref=sr_1_54?keywords=phone+back+case&qid=1669650579&sr=8-54
"Samsung Electronics Galaxy S22 Ultra Clear Standing Cover, Protective Phone Case, Corner TPU Bumpers, PC Back Protection, Adjustable Viewing Angle, US Version, Transparent, (EF-JS908CTEGUS)  ",4.4 out of 5 stars,1215,https://amazon.com/Electronics-Protective-Protection-Transparent-EF-JS908CTEGUS/dp/B09NB6R7VW/ref=sr_1_55?keywords=phone+back+case&qid=1669650579&sr=8-55
"Miracase Glass Case for iPhone 13 Pro Max 6.7 inch, 2022 Upgrade Full-Body Clear Bumper Case with Built-in 9H Tempered Glass Screen Protector for iPhone 13 Pro Max, Black  ",4.3 out of 5 stars,1296,https://amazon.com/Miracase-Upgrade-Full-Body-Tempered-Protector/dp/B09DKPVY94/ref=sr_1_56?keywords=phone+back+case&qid=1669650579&sr=8-56
"VEGO Case for iPhone 13 / iPhone 14 Magnetic Case with Built in Magnets Compatible with MagSafe, Clear Slim Resist Scratches Bumper Case with Drop Protection for iPhone 13 & iPhone 14 6.1"" - Black  ",4.5 out of 5 stars,1134,https://amazon.com/VEGO-Magnetic-Compatible-Scratches-Protection/dp/B0B41PP932/ref=sr_1_57?keywords=phone+back+case&qid=1669650579&sr=8-57
"CASEKOO Crystal Clear Designed for iPhone 13 Pro Max Case, [Not Yellowing] [Military Drop Protection] Shockproof Protective Phone Case Slim Thin Cover 6.7 inch 2021, Black  ",4.6 out of 5 stars,1215,https://amazon.com/CASEKOO-iPhone-13-Pro-Max/dp/B0967JCD7W/ref=sr_1_58?keywords=phone+back+case&qid=1669650579&sr=8-58
"Ailiber for Samsung Galaxy Z Flip 4 Case, Galaxy Z Flip 4 Phone Case Holster with Back Screen Protector, Swivel Belt Clip, Kickstand Holder, Full Body Shockproof Shell Cover for Samsung Z Flip4-Black  ",4.1 out of 5 stars,972,https://amazon.com/gp/slredirect/picassoRedirect.html/ref=pa_sp_mtf_aps_sr_pg4_1?ie=UTF8&adId=A01319363C63MYV7MXV5F&qualifier=1669650579&id=6607784027236291&widgetName=sp_mtf&url=%2FAiliber-Protector-Kickstand-Shockproof-Flip4-Black%2Fdp%2FB0BG4Z775Z%2Fref%3Dsr_1_59_sspa%3Fkeywords%3Dphone%2Bback%2Bcase%26qid%3D1669650579%26sr%3D8-59-spons%26psc%3D1
"Oterkin for iPhone 14 Plus Case, [4 in 1] iPhone 14 Plus Phone Case with [2Pcs 9H HD Tempered Glass Screen Protectors][360°Rotatable Stand Ring][10FT Military Grade] Case for iPhone 14 Plus (Blue)  ",4.6 out of 5 stars,891,https://amazon.com/Oterkin-iPhone-Plus-Case-Ring/dp/B0B719LSJH/ref=sr_1_61?keywords=phone+back+case&qid=1669650579&sr=8-61
"Case for 6.1"" iPhone 11, Plating Edge Soft TPU Bumper Protective Case Cover for Women Ultra Thin Anti-Scratch Shockproof Back Phone Case for iPhone 11 (Black)  ",4.7 out of 5 stars,810,https://amazon.com/iPhone-Plating-Protective-Anti-Scratch-Shockproof/dp/B09WN3B1HX/ref=sr_1_62?keywords=phone+back+case&qid=1669650579&sr=8-62
"Miracase Glass Series Designed for iPhone 14 Case 6.1 inch, 2022 Upgrade Full-Body Clear Bumper Case with Built-in 9H Tempered Glass Screen Protector and 2 Pcs Camera Lens Protector,Black  ",4.5 out of 5 stars,1134,https://amazon.com/Miracase-Designed-Full-Body-Tempered-Protector/dp/B0B84SJX68/ref=sr_1_63?keywords=phone+back+case&qid=1669650579&sr=8-63
"Spigen Ultra Hybrid [Anti-Yellowing PC Back] [Military Grade] Designed for iPhone XR Case, 6.1 inch Cover - Crystal Clear  ",4.7 out of 5 stars,810,https://amazon.com/Spigen-Ultra-Hybrid-Designed-iPhone/dp/B07GHMQDCJ/ref=sr_1_64?keywords=phone+back+case&qid=1669650579&sr=8-64
"LeYi Compatible for iPhone 8 Plus Case, iPhone 7 Plus Case, iPhone 6 Plus Case with Tempered Glass Screen Protector [2 Pack], Military-Grade Phone Case with Ring Kickstand for iPhone 6s Plus, Blue  ",4.4 out of 5 stars,729,https://amazon.com/LeYi-Tempered-Protector-Military-Kickstand/dp/B07Y1R1FNP/ref=sr_1_65?keywords=phone+back+case&qid=1669650579&sr=8-65
"Google Pixel 6A 5G Case with Screen Protector, Military Grade Dual Layer Shockproof Heavy Duty Shockproof Full Body Protective Phone Cover, Built in Rotatable Magnetic Ring Holder for Pixel 6A (Green)  ",4.6 out of 5 stars,810,https://amazon.com/Protector-Military-Shockproof-Protective-Rotatable/dp/B0B9MDW1BZ/ref=sr_1_66?keywords=phone+back+case&qid=1669650579&sr=8-66
"TORRAS Magnetic Designed for iPhone 13 Pro Max Case, [Military Grade Drop Tested] [Compatible with MagSafe] Shockproof Translucent Hard Back Soft Slim Protective Case for iPhone 13 Pro Max, Black  ",4.6 out of 5 stars,1620,https://amazon.com/TORRAS-Compatible-Shockproof-Translucent-Protective/dp/B09YD9BDLX/ref=sr_1_67?keywords=phone+back+case&qid=1669650579&sr=8-67
for Motorola Moto Edge 2021 (Edge 5G UW) Case: Dual Layer Protective Heavy Duty Cell Phone Cover Shockproof Rugged with Non Slip Textured Back - Military Protection Bumper - 6.8inch (Navy Blue)  ,4.6 out of 5 stars,567,https://amazon.com/Motorola-Moto-Edge-2021-5G/dp/B09MYT3J29/ref=sr_1_68?keywords=phone+back+case&qid=1669650579&sr=8-68
"MMHUO for iPhone 14 Pro Max Case with Card Holder, Flower Magnetic Back Flip Case for iPhone 14 Pro Max Wallet Case for Women, Protective Case Phone Case for iPhone 14 Pro Max,Rose Gold  ",4.2 out of 5 stars,972,https://amazon.com/gp/slredirect/picassoRedirect.html/ref=pa_sp_btf_aps_sr_pg4_1?ie=UTF8&adId=A102630015HAQOB0WNL20&qualifier=1669650579&id=6607784027236291&widgetName=sp_btf&url=%2FMMHUO-iPhone-Holder-Magnetic-Protective%2Fdp%2FB0B7HXH8HN%2Fref%3Dsr_1_70_sspa%3Fkeywords%3Dphone%2Bback%2Bcase%26qid%3D1669650579%26sr%3D8-70-spons%26psc%3D1
