product,rating,price,product url
AX BOXING Mens Casual Shoes Fashion Sneakers Breathable Comfort Walking Shoes for Male  ,4.3 out of 5 stars,3393,https://amazon.com/gp/slredirect/picassoRedirect.html/ref=pa_sp_atf_next_aps_sr_pg4_1?ie=UTF8&adId=A0646057KFB2OBGOK9GD&qualifier=1680319478&id=2577585817442842&widgetName=sp_atf_next&url=%2FAX-BOXING-Sneakers-Breathable-Numeric_10%2Fdp%2FB0B64THNCC%2Fref%3Dsr_1_145_sspa%3Fkeywords%3Dshoe%26qid%3D1680319478%26sr%3D8-145-spons%26psc%3D1
LCGJR Men's Running Shoes Ultra Lightweight Breathable Comfortable Walking Shoes Casual Fashion Sneakers Mesh Workout Shoes  ,4.2 out of 5 stars,2483,https://amazon.com/gp/slredirect/picassoRedirect.html/ref=pa_sp_atf_next_aps_sr_pg4_1?ie=UTF8&adId=A0635509118RC6906Q4XT&qualifier=1680319478&id=2577585817442842&widgetName=sp_atf_next&url=%2FLCGJR-Lightweight-Breathable-Comfortable-Sneakers%2Fdp%2FB09G9YX9VZ%2Fref%3Dsr_1_146_sspa%3Fkeywords%3Dshoe%26qid%3D1680319478%26sr%3D8-146-spons%26psc%3D1
GOOBON Air Shoes for Men Tennis Sports Athletic Workout Gym Running Sneakers Size 7-12.5  ,4.3 out of 5 stars,3476,https://amazon.com/gp/slredirect/picassoRedirect.html/ref=pa_sp_atf_next_aps_sr_pg4_1?ie=UTF8&adId=A05613382MS3L6Y3WT4VG&qualifier=1680319478&id=2577585817442842&widgetName=sp_atf_next&url=%2FGOOBON-Athletic-Workout-Running-Sneakers%2Fdp%2FB09HTWYYX2%2Fref%3Dsr_1_147_sspa%3Fkeywords%3Dshoe%26qid%3D1680319478%26sr%3D8-147-spons%26psc%3D1
Arkbird Oxford Dress Shoes for Men Men's Fashion Casual and Formal Leather Shoes for Business and Everyday  ,4.3 out of 5 stars,4883,https://amazon.com/gp/slredirect/picassoRedirect.html/ref=pa_sp_atf_next_aps_sr_pg4_1?ie=UTF8&adId=A0847710120ZEY70Y3W5H&qualifier=1680319478&id=2577585817442842&widgetName=sp_atf_next&url=%2FGenuine-Leather-Casual-Sneaker-Walking%2Fdp%2FB09R4RHG3V%2Fref%3Dsr_1_148_sspa%3Fkeywords%3Dshoe%26qid%3D1680319478%26sr%3D8-148-spons%26psc%3D1
Cole Haan Men's Nantucket 2.0 Lace Up Sneaker  ,4.5 out of 5 stars,5793,https://amazon.com/Cole-Haan-Nantucket-Sneaker-British/dp/B08DFLNMNT/ref=sr_1_149?keywords=shoe&qid=1680319478&sr=8-149
New Balance Women's Fresh Foam Arishi V3 Classic Running Shoe  ,4.4 out of 5 stars,4717,https://amazon.com/New-Balance-Running-Timberwolf-Whisper/dp/B08PCDCBC2/ref=sr_1_150?keywords=shoe&qid=1680319478&sr=8-150
Reebok Women's Princess Sneaker  ,4.4 out of 5 stars,2979,https://amazon.com/Reebok-Womens-Princess-Walking-Black/dp/B06XWFVT5F/ref=sr_1_151?keywords=shoe&qid=1680319478&sr=8-151
Brooks Women's Ghost 14 Neutral Running Shoe  ,4.7 out of 5 stars,8193,https://amazon.com/Brooks-Ghost-Peacoat-Yucca-Navy/dp/B08QV4NBPW/ref=sr_1_152?keywords=shoe&qid=1680319478&sr=8-152
adidas Women's Duramo 10 Running Shoe  ,4.4 out of 5 stars,4552,https://amazon.com/adidas-Womens-Duramo-Black-Magenta/dp/B09F1C6H95/ref=sr_1_153?keywords=shoe&qid=1680319478&sr=8-153
Dynadans Women's Leather Upper Slip-on Jazz Shoe  ,4.5 out of 5 stars,1572,https://amazon.com/Dynadans-Womens-Leather-Upper-8-5M/dp/B07CCB3D2G/ref=sr_1_154?keywords=shoe&qid=1680319478&sr=8-154
Columbia Women's Trailstorm Mid Waterproof Hiking Shoe  ,4.3 out of 5 stars,4552,https://amazon.com/Columbia-Womens-Trailstorm-Waterproof-Marionberry/dp/B09641MBQR/ref=sr_1_155?keywords=shoe&qid=1680319478&sr=8-155
adidas Women's Racer Tr21 Running Shoe  ,4.4 out of 5 stars,3724,https://amazon.com/adidas-Womens-Running-Silver-Metallic/dp/B09DXTZX6Q/ref=sr_1_157?keywords=shoe&qid=1680319478&sr=8-157
Clarks Women's May Marigold Slip-On Loafer  ,4.3 out of 5 stars,4966,https://amazon.com/CLARKS-Womens-May-Marigold-Leather/dp/B0125LROMI/ref=sr_1_158?keywords=shoe&qid=1680319478&sr=8-158
Saucony Men's Endorphin Speed 2 Running Shoe  ,4.6 out of 5 stars,10593,https://amazon.com/Saucony-Endorphin-Speed-Running-Shadow/dp/B093ZSGVMJ/ref=sr_1_159?keywords=shoe&qid=1680319478&sr=8-159
"Ryka Women's, Devotion Plus 3 Walking Sneaker  ",4.3 out of 5 stars,4883,https://amazon.com/Ryka-Womens-Devotion-Walking-Quiet/dp/B07ZH5QVLF/ref=sr_1_160?keywords=shoe&qid=1680319478&sr=8-160
Feethit Mens Slip On Walking Shoes Blade Tennis Shoes Non Slip Running Shoes Lightweight Workout Shoes Breathable Mesh Fashion Sneakers  ,4.3 out of 5 stars,2731,https://amazon.com/gp/slredirect/picassoRedirect.html/ref=pa_sp_mtf_aps_sr_pg4_1?ie=UTF8&adId=A10275883PJGK3HQYJ0E1&qualifier=1680319478&id=2577585817442842&widgetName=sp_mtf&url=%2FFeethit-Running-Walking-Comfortable-Camouflage%2Fdp%2FB08LGCMJVC%2Fref%3Dsr_1_161_sspa%3Fkeywords%3Dshoe%26qid%3D1680319478%26sr%3D8-161-spons%26psc%3D1
Nike Men's Sneaker  ,4.7 out of 5 stars,7531,https://amazon.com/Nike-Infinity-Flyknit-Running-Platinum/dp/B0BR53TH2M/ref=sr_1_162?keywords=shoe&qid=1680319478&sr=8-162
Clarks Men's Tilden Walk Oxford  ,4.5 out of 5 stars,4717,https://amazon.com/CLARKS-Mens-Tilden-Oxford-Leather/dp/B01NGTPW2U/ref=sr_1_163?keywords=shoe&qid=1680319478&sr=8-163
New Balance Men's Breeze V2 Golf Shoe  ,4.6 out of 5 stars,6538,https://amazon.com/New-Balance-Mens-Breeze-X-Wide/dp/B08NY1W2GX/ref=sr_1_164?keywords=shoe&qid=1680319478&sr=8-164
Skechers Men's Flex Advantage Sr Work Shoe  ,4.5 out of 5 stars,5214,https://amazon.com/Skechers-Mens-Flex-Advantage-Black/dp/B013J4GVG0/ref=sr_1_165?keywords=shoe&qid=1680319478&sr=8-165
URIEL Lady's Feet Metatarsal Silicone Cushions for High-Heeled Shoes  ,3.0 out of 5 stars,331,https://amazon.com/gp/slredirect/picassoRedirect.html/ref=pa_sp_mtf_aps_sr_pg4_1?ie=UTF8&adId=A018437216VUGL47DD2M1&qualifier=1680319478&id=2577585817442842&widgetName=sp_mtf&url=%2FLadys-Metatarsal-Silicone-Cushions-High-Heeled%2Fdp%2FB0041MLI3Q%2Fref%3Dsr_1_166_sspa%3Fkeywords%3Dshoe%26qid%3D1680319478%26sr%3D8-166-spons%26psc%3D1
Chopben Men's Running Shoes Blade Non Slip Fashion Sneakers Breathable Mesh Soft Sole Casual Athletic Walking Shoes  ,4.2 out of 5 stars,3228,https://amazon.com/gp/slredirect/picassoRedirect.html/ref=pa_sp_mtf_aps_sr_pg4_1?ie=UTF8&adId=A00280612B94Q3S0CWM62&qualifier=1680319478&id=2577585817442842&widgetName=sp_mtf&url=%2FChopben-Sneakers-Breathable-Athletic-Lightweight%2Fdp%2FB08JZ9JG1Q%2Fref%3Dsr_1_167_sspa%3Fkeywords%3Dshoe%26qid%3D1680319478%26sr%3D8-167-spons%26psc%3D1
JOUNJIP Electric Shoe Shine Polisher with 100% Natural Lamb Wool Buffers  ,4.3 out of 5 stars,10262,https://amazon.com/gp/slredirect/picassoRedirect.html/ref=pa_sp_mtf_aps_sr_pg4_1?ie=UTF8&adId=A05420031H0WNNLZEQC65&qualifier=1680319478&id=2577585817442842&widgetName=sp_mtf&url=%2FJOUNJIP-Electric-Polisher-Natural-Buffers%2Fdp%2FB0BHHVM887%2Fref%3Dsr_1_168_sspa%3Fkeywords%3Dshoe%26qid%3D1680319478%26sr%3D8-168-spons%26psc%3D1
"Arkbird Leather Loafers, Casual Slip-On Sneaker Shoes for Men  ",4.4 out of 5 stars,4552,https://amazon.com/gp/slredirect/picassoRedirect.html/ref=pa_sp_mtf_aps_sr_pg4_1?ie=UTF8&adId=A01341414KTD01725PWV&qualifier=1680319478&id=2577585817442842&widgetName=sp_mtf&url=%2FAthletic-Genuine-Leather-Walking-Sneaker%2Fdp%2FB0B9B4H3ZL%2Fref%3Dsr_1_169_sspa%3Fkeywords%3Dshoe%26qid%3D1680319478%26sr%3D8-169-spons%26psc%3D1
Lugz Women's Lear Slip-Resistant Work Shoe Food Service  ,4.4 out of 5 stars,1572,https://amazon.com/Lugz-Womens-Slip-Resistant-Service-Black/dp/B0998PTR8X/ref=sr_1_170?keywords=shoe&qid=1680319478&sr=8-170
"Naturalizer Women's, Baylor Dress Sandal  ",4.4 out of 5 stars,5131,https://amazon.com/Naturalizer-Womens-Baylor-Heeled-Glitter/dp/B09T8RP346/ref=sr_1_171?keywords=shoe&qid=1680319478&sr=8-171
New Balance Women's Fresh Foam Link Sl V2 Golf Shoe  ,4.4 out of 5 stars,4304,https://amazon.com/New-Balance-Womens-Fresh-LinksSL/dp/B09C1322L1/ref=sr_1_172?keywords=shoe&qid=1680319478&sr=8-172
VenusCelia Women's Comfort Walking Boat Shoe  ,4.3 out of 5 stars,2235,https://amazon.com/gp/slredirect/picassoRedirect.html/ref=pa_sp_mtf_aps_sr_pg4_1?ie=UTF8&adId=A056891421SD49XFVWW4U&qualifier=1680319478&id=2577585817442842&widgetName=sp_mtf&url=%2FVenusCelia-Womens-Natural-Comfort-Walking%2Fdp%2FB07GYRV62P%2Fref%3Dsr_1_174_sspa%3Fkeywords%3Dshoe%26qid%3D1680319478%26sr%3D8-174-spons%26psc%3D1
Zhuanglin Men's Quick Drying Aqua Water Shoes  ,4.5 out of 5 stars,2152,https://amazon.com/gp/slredirect/picassoRedirect.html/ref=pa_sp_mtf_aps_sr_pg4_1?ie=UTF8&adId=A060329722HEELWBT91IV&qualifier=1680319478&id=2577585817442842&widgetName=sp_mtf&url=%2FZhuanglin-Quick-Drying-Water-Shoes%2Fdp%2FB07CSJZ5FF%2Fref%3Dsr_1_175_sspa%3Fkeywords%3Dshoe%26qid%3D1680319478%26sr%3D8-175-spons%26psc%3D1
CHAMARIPA Men Elevator Sneakers Sports Shoes Mesh Lace up Shoes Light Weight Height Increasing Shoes Hidden Heel Trainer  ,4.1 out of 5 stars,13159,https://amazon.com/gp/slredirect/picassoRedirect.html/ref=pa_sp_mtf_aps_sr_pg4_1?ie=UTF8&adId=A09384412DT8LYCU6NC7P&qualifier=1680319478&id=2577585817442842&widgetName=sp_mtf&url=%2FCHAMARIPA-Elevator-Sneakers-Increasing-Trainers%2Fdp%2FB09TQMFG7Q%2Fref%3Dsr_1_176_sspa%3Fkeywords%3Dshoe%26qid%3D1680319478%26sr%3D8-176-spons%26psc%3D1
"Vionic Women's Tessa Toe Post Sandals- Supportive Ladies Flip Flops That Include Three-Zone Comfort with Orthotic Insole Arch Support, Medium Fit  ",4.5 out of 5 stars,4055,https://amazon.com/Vionic-Sandals-Supportive-Three-Zone-Orthotic/dp/B0B336ZB7B/ref=sr_1_177?keywords=shoe&qid=1680319478&sr=8-177
Saucony Women's Cohesion 14 Road Running Shoe  ,4.2 out of 5 stars,3393,https://amazon.com/Saucony-Womens-Cohesion-Running-Medium/dp/B08CGWWVWP/ref=sr_1_178?keywords=shoe&qid=1680319478&sr=8-178
Nike Men's Kyrie Infinity Black/University Red/Dark Smoke Grey (CZ0204 004)  ,4.5 out of 5 stars,10676,https://amazon.com/Nike-CZ0204-005-Basketball-us_Footwear_Size_System-Numeric_11/dp/B0BMY1NWKB/ref=sr_1_179?keywords=shoe&qid=1680319478&sr=8-179
Feethit Womens Slip On Walking Shoes Non Slip Running Shoes Breathable Workout Shoes Lightweight Gym Sneakers  ,4.2 out of 5 stars,3145,https://amazon.com/Feethit-Walking-Shoes-Breathable-Lightweight-Sneakers/dp/B086GMS68B/ref=sr_1_180?keywords=shoe&qid=1680319478&sr=8-180
Columbia Men's Crestwood Hiking Shoe  ,4.6 out of 5 stars,5710,https://amazon.com/Columbia-Crestwood-Hiking-Shark-Regular/dp/B07JHL9L77/ref=sr_1_181?keywords=shoe&qid=1680319478&sr=8-181
Merrell Men's Yokota 2 Hiking Shoe  ,4.4 out of 5 stars,4800,https://amazon.com/Merrell-Mens-Yokota-Hiking-Bracken/dp/B0788BBVN6/ref=sr_1_182?keywords=shoe&qid=1680319478&sr=8-182
New Balance Men's Dynasoft Nitrel V4's Trail Running Shoe  ,4.5 out of 5 stars,4883,https://amazon.com/New-Balance-Nitrel-Running-Orange/dp/B08MWRD88Z/ref=sr_1_183?keywords=shoe&qid=1680319478&sr=8-183
FootJoy Men's Fj Flex Golf Shoe  ,4.6 out of 5 stars,8193,https://amazon.com/FootJoy-Mens-Flex-Golf-White/dp/B094YSVFF8/ref=sr_1_184?keywords=shoe&qid=1680319478&sr=8-184
Dr. Scholl's Shoes Men's Harrington II Work Shoe  ,4.3 out of 5 stars,5793,https://amazon.com/Dr-Scholls-Harrington-Black-Leather/dp/B01M1H5LH5/ref=sr_1_185?keywords=shoe&qid=1680319478&sr=8-185
adidas Originals Women's Running Shoe  ,4.5 out of 5 stars,5545,https://amazon.com/adidas-Womens-Casual-Copper-Metallic/dp/B07TSFMRBY/ref=sr_1_186?keywords=shoe&qid=1680319478&sr=8-186
adidas Men's Eq21 Running Shoe  ,4.5 out of 5 stars,3559,https://amazon.com/adidas-Mens-Trail-Running-Black/dp/B08JMCMXWR/ref=sr_1_187?keywords=shoe&qid=1680319478&sr=8-187
FootJoy Men's Fj Fuel Golf Shoe  ,4.6 out of 5 stars,10676,https://amazon.com/FootJoy-Mens-White-Black-Orange/dp/B09GL1W8BB/ref=sr_1_188?keywords=shoe&qid=1680319478&sr=8-188
adidas Men's S2g Spikeless Golf Shoes  ,4.7 out of 5 stars,7448,https://amazon.com/adidas-Mens-Spikeless-Shoes-Black/dp/B096HVKGMP/ref=sr_1_189?keywords=shoe&qid=1680319478&sr=8-189
Dr. Scholl's Shoes Women's If Only Sneaker  ,4.4 out of 5 stars,4966,https://amazon.com/Dr-Scholls-Womens-Sneaker-Soft/dp/B07YVRTL83/ref=sr_1_190?keywords=shoe&qid=1680319478&sr=8-190
Clarks Women's Adriel Viola Dress Pump  ,4.4 out of 5 stars,4055,https://amazon.com/CLARKS-Womens-Adriel-Viola-Leather/dp/B01N9F43ZM/ref=sr_1_191?keywords=shoe&qid=1680319478&sr=8-191
Calvin Klein Men's Bernard Loafer  ,4.5 out of 5 stars,4717,https://amazon.com/Calvin-Klein-Bernard-Loafer-Patent/dp/B0913LNJCQ/ref=sr_1_192?keywords=shoe&qid=1680319478&sr=8-192
Capezio Women's EJ1 E-Series Jazz Shoe  ,4.1 out of 5 stars,2317,https://amazon.com/Capezio-Womens-Jazz-Oxford-Black/dp/B0016JB512/ref=sr_1_193?keywords=shoe&qid=1680319478&sr=8-193
New Balance Men's 577 V1 Hook and Loop Walking Shoe  ,4.3 out of 5 stars,6538,https://amazon.com/New-Balance-MW577-Walking-Black/dp/B003UHUNWK/ref=sr_1_194?keywords=shoe&qid=1680319478&sr=8-194
Lugz Women's Clipper Slip-Resistant Work Shoe Food Service  ,4.2 out of 5 stars,4635,https://amazon.com/Lugz-Womens-Clipper-Slip-Resistant-Service/dp/B09987KCVD/ref=sr_1_195?keywords=shoe&qid=1680319478&sr=8-195
Steve Madden Women's Rockaway Sneaker  ,4.3 out of 5 stars,4552,https://amazon.com/Steve-Madden-Womens-Rockaway-Sneaker/dp/B09QH9BR62/ref=sr_1_196?keywords=shoe&qid=1680319478&sr=8-196
Dockers Men's Overton Oxford  ,4.3 out of 5 stars,4635,https://amazon.com/Dockers-Overton-NeverWet-Oxford-Shoes/dp/B07F8SVLNQ/ref=sr_1_197?keywords=shoe&qid=1680319478&sr=8-197
Saucony Men's Endorphin Pro 2 Running Shoe  ,4.6 out of 5 stars,8607,https://amazon.com/Saucony-Mens-Endorphin-Running-Shoe/dp/B097C7BCD3/ref=sr_1_198?keywords=shoe&qid=1680319478&sr=8-198
Merrell Women's Moab 2 Vent Hiking Shoe  ,4.5 out of 5 stars,4800,https://amazon.com/Merrell-Womens-Moab-Hiking-Smoke/dp/B01HFPQH5O/ref=sr_1_199?keywords=shoe&qid=1680319478&sr=8-199
Dockers Mens Greer Dress Run Off Loafer Shoe  ,4.5 out of 5 stars,4055,https://amazon.com/Dockers-Greer-Dress-Loafer-Black/dp/B0877BQ29G/ref=sr_1_200?keywords=shoe&qid=1680319478&sr=8-200
Merrell Women's MOAB 2 WTPF Hiking Shoe  ,4.4 out of 5 stars,5297,https://amazon.com/Merrell-Womens-Waterproof-Hiking-Drizzle/dp/B01HFPCJ4W/ref=sr_1_201?keywords=shoe&qid=1680319478&sr=8-201
ANLUKE Water Shoes Barefoot Aqua Yoga Socks Quick-Dry Beach Swim Surf Shoes for Women Men  ,4.3 out of 5 stars,910,https://amazon.com/ANLUKE-Water-Barefoot-Quick-Dry-Womens/dp/B078WQQGK9/ref=sr_1_202?keywords=shoe&qid=1680319478&sr=8-202
Brooks Women's Ghost 15 Neutral Running Shoe  ,4.7 out of 5 stars,11504,https://amazon.com/Brooks-Womens-Ghost-Neutral-Running/dp/B0BHXRB9J4/ref=sr_1_204?keywords=shoe&qid=1680319478&sr=8-204
