product,rating,price,product url
"Amazfit Bip 3 Pro Smart Watch for Android iPhone, 4 Satellite Positioning Systems, 1.69"" Color Display, 14-Day Battery Life, 60+ Sports Modes, Blood Oxygen Heart Rate Monitor, Water-Resistant(Black)  ",4.3 out of 5 stars,3969,https://amazon.com/gp/slredirect/picassoRedirect.html/ref=pa_sp_atf_next_aps_sr_pg4_1?ie=UTF8&adId=A030728215ZCB67UWJB5B&qualifier=1669647403&id=6341628928968632&widgetName=sp_atf_next&url=%2FAmazfit-Android-Satellite-Positioning-Water-Resistant%2Fdp%2FB09X1NN4YS%2Fref%3Dsr_1_49_sspa%3Fkeywords%3Dsmart%2Bwatch%26qid%3D1669647403%26sr%3D8-49-spons%26psc%3D1
"Kospet Smart Watches for Men – Bluetooth Call (Answer/Make Call) 5ATM Waterproof Fitness Watch Tracker for Android iOS iPhones with Heart Rate Blood Pressure - 1.72"" Tactical Outdoor Sports Smartwatch  ",4.1 out of 5 stars,7209,https://amazon.com/gp/slredirect/picassoRedirect.html/ref=pa_sp_atf_next_aps_sr_pg4_1?ie=UTF8&adId=A09992362RRW0BTHWMBVA&qualifier=1669647403&id=6341628928968632&widgetName=sp_atf_next&url=%2FKospet-Smart-Watches-Men-Waterproof%2Fdp%2FB0B55WYLFY%2Fref%3Dsr_1_50_sspa%3Fkeywords%3Dsmart%2Bwatch%26qid%3D1669647403%26sr%3D8-50-spons%26psc%3D1
"Blackview Smart Watch for Android Phones and iOS Phones, All-Day Activity Tracker with Heart Rate Sleep Monitor, 1.3"" Full Touch Screen, 5ATM Waterproof Pedometer, Smartwatch for Men Women  ",4.2 out of 5 stars,2835,https://amazon.com/Blackview-Activity-Waterproof-Pedometer-Smartwatch/dp/B07YBVGXD8/ref=sr_1_51?keywords=smart+watch&qid=1669647403&sr=8-51
Ticwatch Pro 3 Ultra GPS Smartwatch Qualcomm SDW4100 and Mobvoi Dual Processor System Wear OS Smart Watch for Men Blood Oxygen Fatigue Assessment 3-45 Days Battery NFC Mic Speaker  ,4.3 out of 5 stars,24219,https://amazon.com/Pro-Ultra-GPS-Smartwatch-Assessment/dp/B09FXRR32P/ref=sr_1_52?keywords=smart+watch&qid=1669647403&sr=8-52
"SKG Smart Watch, Fitness Tracker with 5ATM Swimming Waterproof, Health Monitor for Heart Rate, Blood Oxygen, Sleep, 1.7'' Touch Screen Bluetooth Smartwatch Fitness Watch for Android-iPhone iOS, V7  ",4.0 out of 5 stars,3969,https://amazon.com/Smartwatch-5ATM-Waterproof-Touchscreen-Android-iPhone-SKG/dp/B09PHL2TDT/ref=sr_1_53?keywords=smart+watch&qid=1669647403&sr=8-53
"Amazfit GTS 2 Mini Smart Watch for Men Android iPhone, Alexa Built-in, 14-Day Battery Life, Fitness Tracker with GPS & 70+ Sports Modes, Blood Oxygen Heart Rate Monitor, 5 ATM Water Resistant-Black  ",4.2 out of 5 stars,5994,https://amazon.com/Amazfit-Fitness-Super-Light-Measurement-Monitoring/dp/B08PCYKXV5/ref=sr_1_54?keywords=smart+watch&qid=1669647403&sr=8-54
"MuGo Smart Watch, 1.69 inch Fitness Tracker, Smartwatch with Heart Rate/Sleep Monitor, Calorie/Step Counter Activity Tracker, Stopwatch, Blood Oxygen Monitor, Full Touch Fitness Watch for Men (Green)  ",4.0 out of 5 stars,1539,https://amazon.com/MuGo-Fitness-Smartwatch-Activity-Stopwatch/dp/B095Y5LQDR/ref=sr_1_55?keywords=smart+watch&qid=1669647403&sr=8-55
"Pautios Smart Watch, 5ATM Swimming Waterproof Fitness Tracker with Heart Rate, SpO2 and Sleep Monitor, 44mm Color Screen Fitness Watch for Men Women, Smartwatch Compatible with iOS and Android Phones  ",4.2 out of 5 stars,2349,https://amazon.com/Pautios-Smartwatch-Waterproof-Pedometer-Compatible/dp/B09PRHRTKG/ref=sr_1_56?keywords=smart+watch&qid=1669647403&sr=8-56
"EURANS Smart Watch 41mm, Full Touchscreen Smartwatch, Fitness Tracker with Heart Rate Monitor & SpO2, IP68 Waterproof Pedometer Watch for Women Men Compatible with iOS & Android Phones  ",4.2 out of 5 stars,2349,https://amazon.com/Touchscreen-Smartwatch-Waterproof-Pedometer-Compatible/dp/B09KH59C8K/ref=sr_1_57?keywords=smart+watch&qid=1669647403&sr=8-57
"Fitbit Versa 2 Health and Fitness Smartwatch with Heart Rate, Music, Alexa Built-In, Sleep and Swim Tracking, Black/Carbon, One Size (S and L Bands Included)  ",4.6 out of 5 stars,7938,https://amazon.com/Fitbit-Fitness-Smartwatch-Tracking-Included/dp/B07TWFVDWT/ref=sr_1_58?keywords=smart+watch&qid=1669647403&sr=8-58
"SAMSUNG Galaxy Watch 5 40mm LTE Smartwatch w/ Body, Health, Fitness and Sleep Tracker, Improved Battery, Sapphire Crystal Glass, Enhanced GPS Tracking, US Version, Silver Bezel w/ Purple Band  ",4.4 out of 5 stars,20979,https://amazon.com/gp/slredirect/picassoRedirect.html/ref=pa_sp_mtf_aps_sr_pg4_1?ie=UTF8&adId=A0722416FOS2FYP923RV&qualifier=1669647403&id=6341628928968632&widgetName=sp_mtf&url=%2FSAMSUNG-Smartwatch-Improved-Sapphire-Enhanced%2Fdp%2FB0B2J5CZ6B%2Fref%3Dsr_1_59_sspa%3Fkeywords%3Dsmart%2Bwatch%26qid%3D1669647403%26sr%3D8-59-spons%26psc%3D1
"AMAZTIM Smart Watches for Men ,100M Waterproof Rugged Military Grade Bluetooth Call(Answer/Dial Calls)，Health Tracker for Android Phones and iPhone Compatible ,1.72"" Heart Rate/Blood Pressure Watch  ",4.0 out of 5 stars,5751,https://amazon.com/gp/slredirect/picassoRedirect.html/ref=pa_sp_mtf_aps_sr_pg4_1?ie=UTF8&adId=A032353812RKV7JLEDNZ0&qualifier=1669647403&id=6341628928968632&widgetName=sp_mtf&url=%2FAMAZTIM-Waterproof-Military-Bluetooth-Compatible%2Fdp%2FB0B8MMQMVX%2Fref%3Dsr_1_60_sspa%3Fkeywords%3Dsmart%2Bwatch%26qid%3D1669647403%26sr%3D8-60-spons%26psc%3D1
"Smart Watch(Call Receive/Dial), 1.7“ Smartwatch for Android/iOS Phone, IP68 Waterproof Watches GPS Fitness Tracker for Men Women with Heart Rate Blood Oxygen Sleep Monitor, 28 Sport Modes, AI Voice  ",4.3 out of 5 stars,2754,https://amazon.com/Receive-Smartwatch-Android-Waterproof-Watches/dp/B0B3RJSGYB/ref=sr_1_61?keywords=smart+watch&qid=1669647403&sr=8-61
"Smart Watch, Newest 1.85 ""TFT HD Display Smart Watch with Receive & Dial, Smart Watch for Android Phones with Tracker, Heart Rate, SMS Reminder, Android Smart Watch for Women Men (Classic Black)  ",4.8 out of 5 stars,3969,https://amazon.com/Smart-Watch-2022-Call-Receive/dp/B08L94S7RR/ref=sr_1_62?keywords=smart+watch&qid=1669647403&sr=8-62
"TOZO S2 Smart Watch Alexa Built-in Fitness Tracker with Heart Rate and Blood Oxygen Monitor,Sleep Monitor 5ATM Waterproof HD Touchscreen for Men Women Compatible with iPhone&Android  ",4.1 out of 5 stars,3969,https://amazon.com/TOZO-S2-Waterproof-Touchscreen-Compatible/dp/B09JWF2STR/ref=sr_1_63?keywords=smart+watch&qid=1669647403&sr=8-63
Smart Watch for Men Women Fitness: (Make/Answer Call) Bluetooth Smartwatch for Android Phone iPhone Waterproof Run Sport Digital Watches Blood Pressure Heart Rate Monitor Step Counter Sleep Tracker  ,4.2 out of 5 stars,3159,https://amazon.com/Smart-Watch-Men-Women-Fitness/dp/B0BG9VW8JL/ref=sr_1_64?keywords=smart+watch&qid=1669647403&sr=8-64
"Fitbit Charge 5 Advanced Fitness & Health Tracker with Built-in GPS, Stress Management Tools, Sleep Tracking, 24/7 Heart Rate and More, Black/Graphite, One Size (S &L Bands Included)  ",4.3 out of 5 stars,8019,https://amazon.com/Fitbit-Advanced-Management-Tracking-Graphite/dp/B09BXQ4HMB/ref=sr_1_65?keywords=smart+watch&qid=1669647403&sr=8-65
"Fitness Tracker, Smart Watch [24h Accurate Health Monitor with 5ATM Waterproof] Smart Watch for Heart Rate, Blood Oxygen, Sleep, 1.7'' Touch Screen Fitness Watch for iPhone iOS Andriod, Black  ",3.9 out of 5 stars,3159,https://amazon.com/Android-Waterproof-Activity-Trackers-Pedometer/dp/B09QBVD7BY/ref=sr_1_66?keywords=smart+watch&qid=1669647403&sr=8-66
"Smart Watch (Answer/Make Call), BOFIDAR 1.7'' Touch Screen Bluetooth Smartwatch for Android and iOS Phones, Fitness Watch for Men Women with Health Monitor for Heart Rate Blood Oxygen Sleep (Black)  ",4.4 out of 5 stars,1863,https://amazon.com/BOFIDAR-Bluetooth-Smartwatch-Android-Fitness/dp/B0BD73C7BX/ref=sr_1_67?keywords=smart+watch&qid=1669647403&sr=8-67
"Fitness Tracker with Heart Rate Monitor, Fitpolo Smart Watch 1.3 inches Color Touch Screen IP68 Waterproof Step Calorie Counter Sleep Monitoring Pedometer Watches Activity Tracker for Women Men Kids  ",4.2 out of 5 stars,2511,https://amazon.com/Fitpolo-Waterproof-Monitoring-Pedometer-Activity/dp/B07Y4PT2NH/ref=sr_1_68?keywords=smart+watch&qid=1669647403&sr=8-68
"Amazfit GTS 4 Mini Smart Watch for Women Men, Alexa Built-in, GPS, Fitness Tracker with 120+ Sport Modes, 15-Day Battery Life, Heart Rate Blood Oxygen Monitor, Android Phone iPhone Compatible-Black  ",4.2 out of 5 stars,7209,https://amazon.com/gp/slredirect/picassoRedirect.html/ref=pa_sp_btf_aps_sr_pg4_1?ie=UTF8&adId=A036098117Z0F2JRIX1LW&qualifier=1669647403&id=6341628928968632&widgetName=sp_btf&url=%2FAmazfit-Fitness-Tracker-Battery-Compatible-Black%2Fdp%2FB09Z6GMPC6%2Fref%3Dsr_1_69_sspa%3Fkeywords%3Dsmart%2Bwatch%26qid%3D1669647403%26sr%3D8-69-spons%26psc%3D1
"SAMSUNG Galaxy Watch 5 Pro 45mm Bluetooth Smartwatch w/ Body, Health, Fitness and Sleep Tracker, Improved Battery, Sapphire Crystal Glass, GPS Route Tracking, Titanium Frame, US Version, Black  ",4.4 out of 5 stars,32319,https://amazon.com/gp/slredirect/picassoRedirect.html/ref=pa_sp_btf_aps_sr_pg4_1?ie=UTF8&adId=A02776157ZQ6VZQYGZB6&qualifier=1669647403&id=6341628928968632&widgetName=sp_btf&url=%2FSAMSUNG-Bluetooth-Smartwatch-Improved-Sapphire%2Fdp%2FB0B2HXJZ98%2Fref%3Dsr_1_70_sspa%3Fkeywords%3Dsmart%2Bwatch%26qid%3D1669647403%26sr%3D8-70-spons%26psc%3D1
