product,rating,price,product url
"Portable Mini Projector with Wi-Fi, 7500 lumens Home Theater Video Projector, Outdoor Movie Projector Compatible with Full HD 1080P HDMI, USB, VGA, AV, Smartphone, Pad, TV Box, Laptop  ",4.3 out of 5 stars,8193,https://amazon.com/gp/slredirect/picassoRedirect.html/ref=pa_sp_atf_next_aps_sr_pg4_1?ie=UTF8&adId=A05507503D5G1SWTMT7OR&qualifier=1683620885&id=8329942474308510&widgetName=sp_atf_next&url=%2FProjector-Theater-1280x800P-Compatible-Entertainment%2Fdp%2FB09RZSRZVT%2Fref%3Dsr_1_49_sspa%3Fkeywords%3Dtv%26qid%3D1683620885%26sr%3D8-49-spons%26psc%3D1
"Projector with 5G WiFi and Bluetooth, 16000L 550 ANSI Native 1080P 4K Supported Movie Projector, Outdoor Projector for Home Theater, Compatible with iOS/Android/Windows/TV Stick/HDMI/Phone/PC/PS4/PS5  ",4.6 out of 5 stars,22262,https://amazon.com/gp/slredirect/picassoRedirect.html/ref=pa_sp_atf_next_aps_sr_pg4_1?ie=UTF8&adId=A02439553MNYJMYDMX8WC&qualifier=1683620885&id=8329942474308510&widgetName=sp_atf_next&url=%2FProjector-Bluetooth-Supported-Outdoor-Compatible%2Fdp%2FB0C22KVC2T%2Fref%3Dsr_1_50_sspa%3Fkeywords%3Dtv%26qid%3D1683620885%26sr%3D8-50-spons%26psc%3D1%26smid%3DA37D4X3QLC81J0
"Jexiop 17inch IPS LED HD 1080P TV,Small Widescreen TV with ATSC Digital Tuner,Built-in Speakers with HDMI,VGA,AV Input,USB Port,12 Volt TV Suitable for Caravan,Kitchen,Bedroom  ",3.8 out of 5 stars,13986,https://amazon.com/Jexiop-Widescreen-Digital-Speakers-Suitable/dp/B09SYV4DP8/ref=sr_1_52?keywords=tv&qid=1683620885&sr=8-52
"32” LED HDTV by Continu.us | CT-3270 High Definition Non-Smart Television 720p 60Hz TV, Lightweight and Slim Design, VGA/HDMI/USB Inputs, VESA Wall Mount Compatible.  ",4.2 out of 5 stars,16469,https://amazon.com/Continu-us-CT-3270-Eco-Friendly-Television-Lightweight/dp/B08F92ZDTQ/ref=sr_1_54?keywords=tv&qid=1683620885&sr=8-54
"Projector with WiFi and Bluetooth, CRUIFU Native 1080P/12000L 480ANSI Portable Projector HDMI Outdoor Movie Projector 4K Support, Compatible with TV Stick/USB/PC/PS5/Phone  ",5.0 out of 5 stars,12331,https://amazon.com/gp/slredirect/picassoRedirect.html/ref=pa_sp_mtf_aps_sr_pg4_1?ie=UTF8&adId=A00747944VL8E65FZ3D7&qualifier=1683620885&id=8329942474308510&widgetName=sp_mtf&url=%2FProjector-Bluetooth-CRUIFU-Portable-Compatible%2Fdp%2FB0BYSK1VT8%2Fref%3Dsr_1_59_sspa%3Fkeywords%3Dtv%26qid%3D1683620885%26sr%3D8-59-spons%26psc%3D1
"Projector with WiFi and Bluetooth, KARCLE 9500L Full HD Native 1920x 1080P Projector with Zoom & 4D Keystone Correction,5G Sync Phone Screen,300” Outdoor Movie Projector for TV Stick/Laptop/PS5/USB  ",4.2 out of 5 stars,10759,https://amazon.com/gp/slredirect/picassoRedirect.html/ref=pa_sp_mtf_aps_sr_pg4_1?ie=UTF8&adId=A02989948V1ACJOLBNUV&qualifier=1683620885&id=8329942474308510&widgetName=sp_mtf&url=%2FProjector-Bluetooth-Keystone-Correction-Outdoor%2Fdp%2FB09PV7N948%2Fref%3Dsr_1_60_sspa%3Fkeywords%3Dtv%26qid%3D1683620885%26sr%3D8-60-spons%26psc%3D1
"Supersonic SC-1311 13.3"" Widescreen LED HDTV  ",4.1 out of 5 stars,10345,https://amazon.com/Supersonic-SC-1311-13-3-Widescreen-HDTV/dp/B01AQB4X46/ref=sr_1_64?keywords=tv&qid=1683620885&sr=8-64
"FREE SIGNAL TV Transit 28"" 12 Volt DC Powered LED Flat Screen HDTV for RV Camper and Mobile Use  ",4.3 out of 5 stars,30538,https://amazon.com/Free-Signal-TV-Transit-Powered/dp/B07C1D8FKJ/ref=sr_1_65?keywords=tv&qid=1683620885&sr=8-65
Soulaca 22 inch Smart Touchscreen Magic Mirror TV Bathroom with WiFi Bluetooth Embedded Shower Television DTV ATSC 2023 New Model  ,3.9 out of 5 stars,50070,https://amazon.com/Soulaca-Touchscreen-Bathroom-Bluetooth-Television/dp/B0BJ24G9ZK/ref=sr_1_66?keywords=tv&qid=1683620885&sr=8-66
"elecsung 32inch Smart Mirror Bathroom TV IP66 Waterproof Android 11.0 System with Integrated HDTV(ATSC) Tuner, Built-in Speakers, Wi-Fi and Bluetooth  ",4.5 out of 5 stars,70263,https://amazon.com/Elecsung-Bathroom-Waterproof-Integrated-Bluetooth/dp/B09KRS2R4P/ref=sr_1_68?keywords=tv&qid=1683620885&sr=8-68
"Iolieo Projector,2023 Upgraded 1080P 4K Projector Supported with 240"" Display,380ANSI Projector Compatible with TV Stick Smartphone Full HD 1080P HDMI,USB,VGA,AV,for Home Cinema & Outdoor Movies  ",4.3 out of 5 stars,8110,https://amazon.com/gp/slredirect/picassoRedirect.html/ref=pa_sp_btf_aps_sr_pg4_1?ie=UTF8&adId=A014816132CP60664DG34&qualifier=1683620885&id=8329942474308510&widgetName=sp_btf&url=%2FIolieo-Projector-Supported-Compatible-Smartphone%2Fdp%2FB0BRFRR13G%2Fref%3Dsr_1_69_sspa%3Fkeywords%3Dtv%26qid%3D1683620885%26sr%3D8-69-spons%26psc%3D1
"Mini Projector,Hasatek Projector with WiFi and Bluetooth，Projector 4K Support，Portable Projector for Home Theater Outdoor Movie Projector with HDMI USB Interfaces for TV Stick, iOS, Android，PC，Tablet  ",3.8 out of 5 stars,7366,https://amazon.com/gp/slredirect/picassoRedirect.html/ref=pa_sp_btf_aps_sr_pg4_1?ie=UTF8&adId=A065067718RBEMQX9UOR7&qualifier=1683620885&id=8329942474308510&widgetName=sp_btf&url=%2FHasatek-Bluetooth%25EF%25BC%258CProjector-Support%25EF%25BC%258CPortable-Interfaces-Android%25EF%25BC%258CPC%25EF%25BC%258CTablet%2Fdp%2FB0B67SPZCD%2Fref%3Dsr_1_70_sspa%3Fkeywords%3Dtv%26qid%3D1683620885%26sr%3D8-70-spons%26psc%3D1
