Product Name,Price,Rating,link
Zapcase Back Cover for Vivo S1 Pro,279,4.4,https://www.flipkart.com/zapcase-back-cover-vivo-s1-pro/product-reviews/itm4202b3b746a4d?pid=ACCGGX84W9DRGWHZ&lid=LSTACCGGX84W9DRGWHZ1OSNB3&marketplace=FLIPKART&q=vivo+s1+pro+back+case&store=tyy%2F4mr%2Fq2u&srno=s_1_1&otracker=search&otracker1=search&fm=organic&iid=en_JZX7wurBW%2BV9CbH89JP3LOqkwHMRTpcB24tUkvCo%2Bep4aRX%2FprwyTgO5xyHRY2ObPUGTvQfBE24R8b5fqJtxUA%3D%3D&ppt=None&ppn=None&ssid=cmiryj3ej40000001669651125909&qH=f2d13db64ea46b09
Ascensify Back Cover for VIVO S1 PRO,284,4.4,https://www.flipkart.com/ascensify-back-cover-vivo-s1-pro/product-reviews/itmfd1e56ff8e2d1?pid=ACCGYYPJ7BFBC4VD&lid=LSTACCGYYPJ7BFBC4VDGC3P7P&marketplace=FLIPKART&q=vivo+s1+pro+back+case&store=tyy%2F4mr%2Fq2u&srno=s_1_2&otracker=search&otracker1=search&fm=organic&iid=en_JZX7wurBW%2BV9CbH89JP3LOqkwHMRTpcB24tUkvCo%2BeqDdek%2BkTX4LvLVm3aUl4rlUf09ncFHsYbbRCc%2FUvfd3w%3D%3D&ppt=None&ppn=None&ssid=cmiryj3ej40000001669651125909&qH=f2d13db64ea46b09
KWINE CASE Back Cover for vivo S1 Pro,299,4.4,https://www.flipkart.com/kwine-case-back-cover-vivo-s1-pro/product-reviews/itmec8350377f585?pid=ACCFNKCDWNWHKEZ8&lid=LSTACCFNKCDWNWHKEZ80N2E1K&marketplace=FLIPKART&q=vivo+s1+pro+back+case&store=tyy%2F4mr%2Fq2u&srno=s_1_3&otracker=search&otracker1=search&fm=organic&iid=3a4707b1-3d7d-4bb6-a0e8-cd3ce532ec78.ACCFNKCDWNWHKEZ8.SEARCH&ppt=None&ppn=None&ssid=cmiryj3ej40000001669651125909&qH=f2d13db64ea46b09
Adi Creations Back Cover for Vivo S1 Pro,211,4.4,https://www.flipkart.com/adi-creations-back-cover-vivo-s1-pro/product-reviews/itm18fe8be9e3201?pid=ACCFNQ7ZCSEHYYUZ&lid=LSTACCFNQ7ZCSEHYYUZZZLC2V&marketplace=FLIPKART&q=vivo+s1+pro+back+case&store=tyy%2F4mr%2Fq2u&srno=s_1_4&otracker=search&otracker1=search&fm=organic&iid=3a4707b1-3d7d-4bb6-a0e8-cd3ce532ec78.ACCFNQ7ZCSEHYYUZ.SEARCH&ppt=None&ppn=None&ssid=cmiryj3ej40000001669651125909&qH=f2d13db64ea46b09
KrKis Back Cover for Vivo S1 Pro,279,4.4,https://www.flipkart.com/krkis-back-cover-vivo-s1-pro/product-reviews/itm34f9471d759b7?pid=ACCFSR2YGXNCDE6G&lid=LSTACCFSR2YGXNCDE6GAJIHJQ&marketplace=FLIPKART&q=vivo+s1+pro+back+case&store=tyy%2F4mr%2Fq2u&srno=s_1_5&otracker=search&otracker1=search&fm=organic&iid=3a4707b1-3d7d-4bb6-a0e8-cd3ce532ec78.ACCFSR2YGXNCDE6G.SEARCH&ppt=None&ppn=None&ssid=cmiryj3ej40000001669651125909&qH=f2d13db64ea46b09
KWINE CASE Back Cover for vivo S1 Pro,399,4.4,https://www.flipkart.com/kwine-case-back-cover-vivo-s1-pro/product-reviews/itmc782c34cdb262?pid=ACCFNKCDS4UH4CQN&lid=LSTACCFNKCDS4UH4CQNLQ6TEA&marketplace=FLIPKART&q=vivo+s1+pro+back+case&store=tyy%2F4mr%2Fq2u&srno=s_1_6&otracker=search&otracker1=search&fm=organic&iid=3a4707b1-3d7d-4bb6-a0e8-cd3ce532ec78.ACCFNKCDS4UH4CQN.SEARCH&ppt=None&ppn=None&ssid=cmiryj3ej40000001669651125909&qH=f2d13db64ea46b09
KARWAN Back Cover for Vivo S1 Pro,299,4.4,https://www.flipkart.com/karwan-back-cover-vivo-s1-pro/product-reviews/itm9993ebf7e8eca?pid=ACCFZ39GTQV9DPAB&lid=LSTACCFZ39GTQV9DPAB358L6H&marketplace=FLIPKART&q=vivo+s1+pro+back+case&store=tyy%2F4mr%2Fq2u&srno=s_1_7&otracker=search&otracker1=search&fm=organic&iid=3a4707b1-3d7d-4bb6-a0e8-cd3ce532ec78.ACCFZ39GTQV9DPAB.SEARCH&ppt=None&ppn=None&ssid=cmiryj3ej40000001669651125909&qH=f2d13db64ea46b09
Aboron Back Cover for Vivo S1 Pro,279,4.4,https://www.flipkart.com/aboron-back-cover-vivo-s1-pro/product-reviews/itm14dc069a8cb83?pid=ACCFYRP5SDY456ZD&lid=LSTACCFYRP5SDY456ZDTM9TTM&marketplace=FLIPKART&q=vivo+s1+pro+back+case&store=tyy%2F4mr%2Fq2u&srno=s_1_8&otracker=search&otracker1=search&fm=organic&iid=en_JZX7wurBW%2BV9CbH89JP3LOqkwHMRTpcB24tUkvCo%2Bepp5042rXARpF0nr1cMoo1JM4lcIE4WW2UxKOlnB0jPpw%3D%3D&ppt=None&ppn=None&ssid=cmiryj3ej40000001669651125909&qH=f2d13db64ea46b09
Adi Creations Back Cover for Vivo S1 Pro,211,4.4,https://www.flipkart.com/adi-creations-back-cover-vivo-s1-pro/product-reviews/itm88ecba27e013f?pid=ACCFNQ7YPZVZZFT3&lid=LSTACCFNQ7YPZVZZFT3SCGE0F&marketplace=FLIPKART&q=vivo+s1+pro+back+case&store=tyy%2F4mr%2Fq2u&srno=s_1_9&otracker=search&otracker1=search&fm=organic&iid=3a4707b1-3d7d-4bb6-a0e8-cd3ce532ec78.ACCFNQ7YPZVZZFT3.SEARCH&ppt=None&ppn=None&ssid=cmiryj3ej40000001669651125909&qH=f2d13db64ea46b09
Flipkart SmartBuy Back Cover for Vivo S1 Pro,296,4.4,https://www.flipkart.com/flipkart-smartbuy-back-cover-vivo-s1-pro/product-reviews/itm936cbffc548d3?pid=ACCFZFW7RVZ5WHUC&lid=LSTACCFZFW7RVZ5WHUCJDEMEN&marketplace=FLIPKART&q=vivo+s1+pro+back+case&store=tyy%2F4mr%2Fq2u&srno=s_1_10&otracker=search&otracker1=search&fm=organic&iid=3a4707b1-3d7d-4bb6-a0e8-cd3ce532ec78.ACCFZFW7RVZ5WHUC.SEARCH&ppt=None&ppn=None&ssid=cmiryj3ej40000001669651125909&qH=f2d13db64ea46b09
Meephone Back Cover for Vivo S1 Pro,219,4.4,https://www.flipkart.com/meephone-back-cover-vivo-s1-pro/product-reviews/itm7d7cff236a44a?pid=ACCGDKTBYXSG6WYV&lid=LSTACCGDKTBYXSG6WYVPOKHUB&marketplace=FLIPKART&q=vivo+s1+pro+back+case&store=tyy%2F4mr%2Fq2u&srno=s_1_11&otracker=search&otracker1=search&fm=organic&iid=3a4707b1-3d7d-4bb6-a0e8-cd3ce532ec78.ACCGDKTBYXSG6WYV.SEARCH&ppt=None&ppn=None&ssid=cmiryj3ej40000001669651125909&qH=f2d13db64ea46b09
BOZTI Back Cover for Vivo S1 Pro,224,4.4,https://www.flipkart.com/bozti-back-cover-vivo-s1-pro/product-reviews/itma656a08a9822a?pid=ACCFPMYYDBBEAYXH&lid=LSTACCFPMYYDBBEAYXHXNUEBK&marketplace=FLIPKART&q=vivo+s1+pro+back+case&store=tyy%2F4mr%2Fq2u&srno=s_1_12&otracker=search&otracker1=search&fm=organic&iid=en_JZX7wurBW%2BV9CbH89JP3LOqkwHMRTpcB24tUkvCo%2Beq44WBDDaQePI9jlQvMgm5huFTmxy4UD16FJlSNZrIo5Q%3D%3D&ppt=None&ppn=None&ssid=cmiryj3ej40000001669651125909&qH=f2d13db64ea46b09
Saviyo Back Cover for Vivo S1 Pro,215,4.4,https://www.flipkart.com/saviyo-back-cover-vivo-s1-pro/product-reviews/itme1e70bb2f7ac7?pid=ACCFTX6HYXT6YR6Q&lid=LSTACCFTX6HYXT6YR6Q5XKEEE&marketplace=FLIPKART&q=vivo+s1+pro+back+case&store=tyy%2F4mr%2Fq2u&srno=s_1_13&otracker=search&otracker1=search&fm=organic&iid=3a4707b1-3d7d-4bb6-a0e8-cd3ce532ec78.ACCFTX6HYXT6YR6Q.SEARCH&ppt=None&ppn=None&ssid=cmiryj3ej40000001669651125909&qH=f2d13db64ea46b09
KING COVERS Back Cover for Vivo S1 Pro,274,4.4,https://www.flipkart.com/king-covers-back-cover-vivo-s1-pro/product-reviews/itmf101fc90e79ed?pid=ACCFSDDACYGVASAN&lid=LSTACCFSDDACYGVASANH6TV8X&marketplace=FLIPKART&q=vivo+s1+pro+back+case&store=tyy%2F4mr%2Fq2u&srno=s_1_14&otracker=search&otracker1=search&fm=organic&iid=3a4707b1-3d7d-4bb6-a0e8-cd3ce532ec78.ACCFSDDACYGVASAN.SEARCH&ppt=None&ppn=None&ssid=cmiryj3ej40000001669651125909&qH=f2d13db64ea46b09
BAILAN Back Cover for Vivo S1,215,4.4,https://www.flipkart.com/bailan-back-cover-vivo-s1/product-reviews/itm23187d82bf9ed?pid=ACCFJ6EGPXCH9YQE&lid=LSTACCFJ6EGPXCH9YQEUOSSSV&marketplace=FLIPKART&q=vivo+s1+pro+back+case&store=tyy%2F4mr%2Fq2u&srno=s_1_15&otracker=search&otracker1=search&fm=organic&iid=3a4707b1-3d7d-4bb6-a0e8-cd3ce532ec78.ACCFJ6EGPXCH9YQE.SEARCH&ppt=None&ppn=None&ssid=cmiryj3ej40000001669651125909&qH=f2d13db64ea46b09
BOZTI Back Cover for Vivo S1 Pro,239,4.4,https://www.flipkart.com/bozti-back-cover-vivo-s1-pro/product-reviews/itm02136866e46a8?pid=ACCFYMYC9W6UHHRY&lid=LSTACCFYMYC9W6UHHRYFPDUV3&marketplace=FLIPKART&q=vivo+s1+pro+back+case&store=tyy%2F4mr%2Fq2u&srno=s_1_16&otracker=search&otracker1=search&fm=organic&iid=en_JZX7wurBW%2BV9CbH89JP3LOqkwHMRTpcB24tUkvCo%2BepDNZFVgx6alNgWECA687CqMCy1QLtCb4sZwEHFALmzRA%3D%3D&ppt=None&ppn=None&ssid=cmiryj3ej40000001669651125909&qH=f2d13db64ea46b09
BAILAN Back Cover for Vivo S1,215,4.4,https://www.flipkart.com/bailan-back-cover-vivo-s1/product-reviews/itme6d0bba8e0d23?pid=ACCFJ6F52FGPQB8G&lid=LSTACCFJ6F52FGPQB8GDOLW2Y&marketplace=FLIPKART&q=vivo+s1+pro+back+case&store=tyy%2F4mr%2Fq2u&srno=s_1_17&otracker=search&otracker1=search&fm=organic&iid=3a4707b1-3d7d-4bb6-a0e8-cd3ce532ec78.ACCFJ6F52FGPQB8G.SEARCH&ppt=None&ppn=None&ssid=cmiryj3ej40000001669651125909&qH=f2d13db64ea46b09
Spicesun Flip Cover for Vivo S1 Pro,224,4.4,https://www.flipkart.com/spicesun-flip-cover-vivo-s1-pro/product-reviews/itm356e6f2490b90?pid=ACCFMXWZSTFRH3DD&lid=LSTACCFMXWZSTFRH3DDSAQVB5&marketplace=FLIPKART&q=vivo+s1+pro+back+case&store=tyy%2F4mr%2Fq2u&srno=s_1_18&otracker=search&otracker1=search&fm=organic&iid=3a4707b1-3d7d-4bb6-a0e8-cd3ce532ec78.ACCFMXWZSTFRH3DD.SEARCH&ppt=None&ppn=None&ssid=cmiryj3ej40000001669651125909&qH=f2d13db64ea46b09
Artage Back Cover for Vivo S1 Pro,214,4.4,https://www.flipkart.com/artage-back-cover-vivo-s1-pro/product-reviews/itm2892d6baa877d?pid=ACCFXPPZRXG853GN&lid=LSTACCFXPPZRXG853GNXXNJWJ&marketplace=FLIPKART&q=vivo+s1+pro+back+case&store=tyy%2F4mr%2Fq2u&srno=s_1_19&otracker=search&otracker1=search&fm=organic&iid=3a4707b1-3d7d-4bb6-a0e8-cd3ce532ec78.ACCFXPPZRXG853GN.SEARCH&ppt=None&ppn=None&ssid=cmiryj3ej40000001669651125909&qH=f2d13db64ea46b09
BOZTI Back Cover for Vivo S1 Pro,224,4.4,https://www.flipkart.com/bozti-back-cover-vivo-s1-pro/product-reviews/itma4be0cec6e705?pid=ACCFPR7QKEFMHYB8&lid=LSTACCFPR7QKEFMHYB8L7CPCN&marketplace=FLIPKART&q=vivo+s1+pro+back+case&store=tyy%2F4mr%2Fq2u&srno=s_1_20&otracker=search&otracker1=search&fm=organic&iid=en_JZX7wurBW%2BV9CbH89JP3LOqkwHMRTpcB24tUkvCo%2BepDqihw9uhvxRFURWVOrr7bUcAs8uEDJ5p4Q8NmbjovwA%3D%3D&ppt=None&ppn=None&ssid=cmiryj3ej40000001669651125909&qH=f2d13db64ea46b09
Fashionury Back Cover for Vivo S1 Pro,179,4.4,https://www.flipkart.com/fashionury-back-cover-vivo-s1-pro/product-reviews/itm09112692c54fb?pid=ACCFZCFRVREUCRMQ&lid=LSTACCFZCFRVREUCRMQ2FRW4Z&marketplace=FLIPKART&q=vivo+s1+pro+back+case&store=tyy%2F4mr%2Fq2u&srno=s_1_21&otracker=search&otracker1=search&fm=organic&iid=3a4707b1-3d7d-4bb6-a0e8-cd3ce532ec78.ACCFZCFRVREUCRMQ.SEARCH&ppt=None&ppn=None&ssid=cmiryj3ej40000001669651125909&qH=f2d13db64ea46b09
Artage Back Cover for Vivo S1 Pro,215,4.4,https://www.flipkart.com/artage-back-cover-vivo-s1-pro/product-reviews/itmeeec219d66f42?pid=ACCFXPPHCG33YMSA&lid=LSTACCFXPPHCG33YMSAITGNZW&marketplace=FLIPKART&q=vivo+s1+pro+back+case&store=tyy%2F4mr%2Fq2u&srno=s_1_22&otracker=search&otracker1=search&fm=organic&iid=3a4707b1-3d7d-4bb6-a0e8-cd3ce532ec78.ACCFXPPHCG33YMSA.SEARCH&ppt=None&ppn=None&ssid=cmiryj3ej40000001669651125909&qH=f2d13db64ea46b09
SWAGMYCASE Back Cover for VIVO S1 Pro,215,4.4,https://www.flipkart.com/swagmycase-back-cover-vivo-s1-pro/product-reviews/itma67b8924812bc?pid=ACCFUG3Z762KN6XV&lid=LSTACCFUG3Z762KN6XVEJPTKO&marketplace=FLIPKART&q=vivo+s1+pro+back+case&store=tyy%2F4mr%2Fq2u&srno=s_1_23&otracker=search&otracker1=search&fm=organic&iid=3a4707b1-3d7d-4bb6-a0e8-cd3ce532ec78.ACCFUG3Z762KN6XV.SEARCH&ppt=None&ppn=None&ssid=cmiryj3ej40000001669651125909&qH=f2d13db64ea46b09
"Hyper Back Cover for vivo Y33s, (IP)",259,4.4,https://www.flipkart.com/hyper-back-cover-vivo-y33s-ip/product-reviews/itme92f5db02f6ee?pid=ACCGCFZ6DHK9ZM9U&lid=LSTACCGCFZ6DHK9ZM9UEWGG2I&marketplace=FLIPKART&q=vivo+s1+pro+back+case&store=tyy%2F4mr%2Fq2u&srno=s_1_24&otracker=search&otracker1=search&fm=organic&iid=en_JZX7wurBW%2BV9CbH89JP3LOqkwHMRTpcB24tUkvCo%2BeoQZL56Va2sYKW2NP6fWiKCS0eY%2FkWOlduR2bKNsKCzWQ%3D%3D&ppt=None&ppn=None&ssid=cmiryj3ej40000001669651125909&qH=f2d13db64ea46b09
Artage Back Cover for Vivo S1 Pro,197,4.4,https://www.flipkart.com/artage-back-cover-vivo-s1-pro/product-reviews/itmbd3038e088670?pid=ACCFXPPZFKNRANND&lid=LSTACCFXPPZFKNRANNDG8IVLC&marketplace=FLIPKART&q=vivo+s1+pro+back+case&store=tyy%2F4mr%2Fq2u&srno=s_1_25&otracker=search&otracker1=search&fm=organic&iid=3a4707b1-3d7d-4bb6-a0e8-cd3ce532ec78.ACCFXPPZFKNRANND.SEARCH&ppt=None&ppn=None&ssid=cmiryj3ej40000001669651125909&qH=f2d13db64ea46b09
Fashionury Back Cover for Vivo S1 Pro,219,4.4,https://www.flipkart.com/fashionury-back-cover-vivo-s1-pro/product-reviews/itmd660d770013f6?pid=ACCFZ9PKWZZZGV5E&lid=LSTACCFZ9PKWZZZGV5ELWKZQZ&marketplace=FLIPKART&q=vivo+s1+pro+back+case&store=tyy%2F4mr%2Fq2u&srno=s_1_26&otracker=search&otracker1=search&fm=organic&iid=3a4707b1-3d7d-4bb6-a0e8-cd3ce532ec78.ACCFZ9PKWZZZGV5E.SEARCH&ppt=None&ppn=None&ssid=cmiryj3ej40000001669651125909&qH=f2d13db64ea46b09
Flipkart SmartBuy Back Cover for Vivo S1 Pro,279,4.4,https://www.flipkart.com/flipkart-smartbuy-back-cover-vivo-s1-pro/product-reviews/itm5ddbf8be26f5a?pid=ACCG57WSSBGDFYEP&lid=LSTACCG57WSSBGDFYEPZQSG32&marketplace=FLIPKART&q=vivo+s1+pro+back+case&store=tyy%2F4mr%2Fq2u&srno=s_1_27&otracker=search&otracker1=search&fm=organic&iid=3a4707b1-3d7d-4bb6-a0e8-cd3ce532ec78.ACCG57WSSBGDFYEP.SEARCH&ppt=None&ppn=None&ssid=cmiryj3ej40000001669651125909&qH=f2d13db64ea46b09
BOZTI Back Cover for Vivo S1 Pro,215,4.4,https://www.flipkart.com/bozti-back-cover-vivo-s1-pro/product-reviews/itm31dd9cdbceb95?pid=ACCFPXFN7UBYJS4K&lid=LSTACCFPXFN7UBYJS4KAJJWYV&marketplace=FLIPKART&q=vivo+s1+pro+back+case&store=tyy%2F4mr%2Fq2u&srno=s_1_28&otracker=search&otracker1=search&fm=organic&iid=en_JZX7wurBW%2BV9CbH89JP3LOqkwHMRTpcB24tUkvCo%2Beqwo9QCctAOZ%2B341%2FABiE2D31qqO38J%2FsEryDWi9QPrpA%3D%3D&ppt=None&ppn=None&ssid=cmiryj3ej40000001669651125909&qH=f2d13db64ea46b09
COBIERTAS Back Cover for Vivo S1 Pro,197,4.4,https://www.flipkart.com/cobiertas-back-cover-vivo-s1-pro/product-reviews/itmcbfbec91c74f7?pid=ACCG7Y765Y2MQTJE&lid=LSTACCG7Y765Y2MQTJE9PZEDI&marketplace=FLIPKART&q=vivo+s1+pro+back+case&store=tyy%2F4mr%2Fq2u&srno=s_1_29&otracker=search&otracker1=search&fm=organic&iid=3a4707b1-3d7d-4bb6-a0e8-cd3ce532ec78.ACCG7Y765Y2MQTJE.SEARCH&ppt=None&ppn=None&ssid=cmiryj3ej40000001669651125909&qH=f2d13db64ea46b09
Adrenex Back Cover for Vivo S1 pro,224,4.4,https://www.flipkart.com/adrenex-back-cover-vivo-s1-pro/product-reviews/itm94b5baed2b2c7?pid=ACCGFYCDJAYBQSHC&lid=LSTACCGFYCDJAYBQSHCXULUCQ&marketplace=FLIPKART&q=vivo+s1+pro+back+case&store=tyy%2F4mr%2Fq2u&srno=s_1_30&otracker=search&otracker1=search&fm=organic&iid=3a4707b1-3d7d-4bb6-a0e8-cd3ce532ec78.ACCGFYCDJAYBQSHC.SEARCH&ppt=None&ppn=None&ssid=cmiryj3ej40000001669651125909&qH=f2d13db64ea46b09
Adi Creations Back Cover for Vivo S1 Pro,211,4.4,https://www.flipkart.com/adi-creations-back-cover-vivo-s1-pro/product-reviews/itmd40f003caef0e?pid=ACCFNQ7Y4HWHWDAJ&lid=LSTACCFNQ7Y4HWHWDAJVLKJXM&marketplace=FLIPKART&q=vivo+s1+pro+back+case&store=tyy%2F4mr%2Fq2u&srno=s_1_31&otracker=search&otracker1=search&fm=organic&iid=3a4707b1-3d7d-4bb6-a0e8-cd3ce532ec78.ACCFNQ7Y4HWHWDAJ.SEARCH&ppt=None&ppn=None&ssid=cmiryj3ej40000001669651125909&qH=f2d13db64ea46b09
BAILAN Back Cover for Vivo S1,215,4.4,https://www.flipkart.com/bailan-back-cover-vivo-s1/product-reviews/itme4460401662a6?pid=ACCFJ6GAHGE6JCU9&lid=LSTACCFJ6GAHGE6JCU9KRZMID&marketplace=FLIPKART&q=vivo+s1+pro+back+case&store=tyy%2F4mr%2Fq2u&srno=s_1_32&otracker=search&otracker1=search&fm=organic&iid=3a4707b1-3d7d-4bb6-a0e8-cd3ce532ec78.ACCFJ6GAHGE6JCU9.SEARCH&ppt=None&ppn=None&ssid=cmiryj3ej40000001669651125909&qH=f2d13db64ea46b09
BAILAN Back Cover for Vivo S1,215,4.4,https://www.flipkart.com/bailan-back-cover-vivo-s1/product-reviews/itm61bec842dc4f8?pid=ACCFJ6N6BKWHSHG7&lid=LSTACCFJ6N6BKWHSHG7GUHNT6&marketplace=FLIPKART&q=vivo+s1+pro+back+case&store=tyy%2F4mr%2Fq2u&srno=s_1_33&otracker=search&otracker1=search&fm=organic&iid=3a4707b1-3d7d-4bb6-a0e8-cd3ce532ec78.ACCFJ6N6BKWHSHG7.SEARCH&ppt=None&ppn=None&ssid=cmiryj3ej40000001669651125909&qH=f2d13db64ea46b09
Spicesun Flip Cover for Vivo S1 Pro,224,4.4,https://www.flipkart.com/spicesun-flip-cover-vivo-s1-pro/product-reviews/itmb83bbf01b68ae?pid=ACCFZYZ4XYVZDHEH&lid=LSTACCFZYZ4XYVZDHEH3YLHBG&marketplace=FLIPKART&q=vivo+s1+pro+back+case&store=tyy%2F4mr%2Fq2u&srno=s_1_34&otracker=search&otracker1=search&fm=organic&iid=3a4707b1-3d7d-4bb6-a0e8-cd3ce532ec78.ACCFZYZ4XYVZDHEH.SEARCH&ppt=None&ppn=None&ssid=cmiryj3ej40000001669651125909&qH=f2d13db64ea46b09
Case Club Back Cover for Vivo S1 Pro,229,4.4,https://www.flipkart.com/case-club-back-cover-vivo-s1-pro/product-reviews/itm492f0e2f76317?pid=ACCFNSETQCG7KMKF&lid=LSTACCFNSETQCG7KMKFVOYZMS&marketplace=FLIPKART&q=vivo+s1+pro+back+case&store=tyy%2F4mr%2Fq2u&srno=s_1_35&otracker=search&otracker1=search&fm=organic&iid=3a4707b1-3d7d-4bb6-a0e8-cd3ce532ec78.ACCFNSETQCG7KMKF.SEARCH&ppt=None&ppn=None&ssid=cmiryj3ej40000001669651125909&qH=f2d13db64ea46b09
SHINESTAR. Back Cover for Vivo S1 Pro,227,4.4,https://www.flipkart.com/shinestar-back-cover-vivo-s1-pro/product-reviews/itmd9abb1a7fe18a?pid=ACCFZUGBRGY4KVWG&lid=LSTACCFZUGBRGY4KVWGZHINIE&marketplace=FLIPKART&q=vivo+s1+pro+back+case&store=tyy%2F4mr%2Fq2u&srno=s_1_36&otracker=search&otracker1=search&fm=organic&iid=3a4707b1-3d7d-4bb6-a0e8-cd3ce532ec78.ACCFZUGBRGY4KVWG.SEARCH&ppt=None&ppn=None&ssid=cmiryj3ej40000001669651125909&qH=f2d13db64ea46b09
Artage Back Cover for Vivo S1 Pro,197,4.4,https://www.flipkart.com/artage-back-cover-vivo-s1-pro/product-reviews/itm348c4d839be8e?pid=ACCFXPPH5QJNY7M2&lid=LSTACCFXPPH5QJNY7M2MQCQES&marketplace=FLIPKART&q=vivo+s1+pro+back+case&store=tyy%2F4mr%2Fq2u&srno=s_1_37&otracker=search&otracker1=search&fm=organic&iid=3a4707b1-3d7d-4bb6-a0e8-cd3ce532ec78.ACCFXPPH5QJNY7M2.SEARCH&ppt=None&ppn=None&ssid=cmiryj3ej40000001669651125909&qH=f2d13db64ea46b09
SPL Back Cover for VIVO S1 Pro,249,4.4,https://www.flipkart.com/spl-back-cover-vivo-s1-pro/product-reviews/itme6063a0802bc9?pid=ACCFZYUSHZNBRF5F&lid=LSTACCFZYUSHZNBRF5FHOTFLG&marketplace=FLIPKART&q=vivo+s1+pro+back+case&store=tyy%2F4mr%2Fq2u&srno=s_1_38&otracker=search&otracker1=search&fm=organic&iid=3a4707b1-3d7d-4bb6-a0e8-cd3ce532ec78.ACCFZYUSHZNBRF5F.SEARCH&ppt=None&ppn=None&ssid=cmiryj3ej40000001669651125909&qH=f2d13db64ea46b09
COBIERTAS Back Cover for Vivo S1 Pro,197,4.4,https://www.flipkart.com/cobiertas-back-cover-vivo-s1-pro/product-reviews/itm1d7053c3a350e?pid=ACCFZTT4AB2PVJQ8&lid=LSTACCFZTT4AB2PVJQ8XMQ4IT&marketplace=FLIPKART&q=vivo+s1+pro+back+case&store=tyy%2F4mr%2Fq2u&srno=s_1_39&otracker=search&otracker1=search&fm=organic&iid=3a4707b1-3d7d-4bb6-a0e8-cd3ce532ec78.ACCFZTT4AB2PVJQ8.SEARCH&ppt=None&ppn=None&ssid=cmiryj3ej40000001669651125909&qH=f2d13db64ea46b09
COBIERTAS Back Cover for Vivo S1 Pro,197,4.4,https://www.flipkart.com/cobiertas-back-cover-vivo-s1-pro/product-reviews/itmaf5e4acbc1220?pid=ACCG4DGDKCFSSSNY&lid=LSTACCG4DGDKCFSSSNY80GBCD&marketplace=FLIPKART&q=vivo+s1+pro+back+case&store=tyy%2F4mr%2Fq2u&srno=s_1_40&otracker=search&otracker1=search&fm=organic&iid=3a4707b1-3d7d-4bb6-a0e8-cd3ce532ec78.ACCG4DGDKCFSSSNY.SEARCH&ppt=None&ppn=None&ssid=cmiryj3ej40000001669651125909&qH=f2d13db64ea46b09
