product,rating,price,product url
"Fitbit Versa 4 Fitness Smartwatch with Daily Readiness, GPS, 24/7 Heart Rate, 40+ Exercise Modes, Sleep Tracking and more, Waterfall Blue/Platinum, One Size (S & L Bands Included)  ",4.4 out of 5 stars,13159,https://amazon.com/gp/slredirect/picassoRedirect.html/ref=pa_sp_atf_next_aps_sr_pg4_1?ie=UTF8&adId=A08274502X0UXN6TSXFQ3&qualifier=1683036101&id=7737415510451813&widgetName=sp_atf_next&url=%2FFitbit-Smartwatch-Readiness-Exercise-Waterfall%2Fdp%2FB0B4MZWCXK%2Fref%3Dsr_1_145_sspa%3Fkeywords%3Dwatch%26qid%3D1683036101%26sr%3D8-145-spons%26psc%3D1
"Smart Watch (Answer/Make Call)Smart Watch for Women Men 2023 Fitness Tracker 1.9"" Touch Screen Smartwatch Fitness Watch 108 Sports IP68 Waterproof, Heart Rate/Sleep Monitor/Pedometer/Calories  ",4.6 out of 5 stars,3062,https://amazon.com/gp/slredirect/picassoRedirect.html/ref=pa_sp_atf_next_aps_sr_pg4_1?ie=UTF8&adId=A09883682LXT4QLP8DXG5&qualifier=1683036101&id=7737415510451813&widgetName=sp_atf_next&url=%2FFitness-Smartwatch-Waterproof-Pedometer-Calories%2Fdp%2FB0BPH1K2JW%2Fref%3Dsr_1_146_sspa%3Fkeywords%3Dwatch%26qid%3D1683036101%26sr%3D8-146-spons%26psc%3D1
"1.7'' Phone Smart Watch Answer/Make Calls, Fitness Watch with AI Control Call/Text, Android Smart Watch for iphone Compatible, Full Touch Smartwatch for Women Men, Heart Rate/Sleep Monitor Watch  ",4.2 out of 5 stars,4055,https://amazon.com/gp/slredirect/picassoRedirect.html/ref=pa_sp_atf_next_aps_sr_pg4_1?ie=UTF8&adId=A03398972N0JPY60M4XQV&qualifier=1683036101&id=7737415510451813&widgetName=sp_atf_next&url=%2FFitness-Control-Android-Compatible-Smartwatch%2Fdp%2FB0B38V5JDK%2Fref%3Dsr_1_147_sspa%3Fkeywords%3Dwatch%26qid%3D1683036101%26sr%3D8-147-spons%26psc%3D1
"Smart Watch for Men with Text and Call, Bluetooth Smartwatch for Android iOS Phone IP67 Waterproof Sport Running Digital Watches for Blood Pressure Heart Rate Monitor Sleep Tracker Step Counter  ",4.0 out of 5 stars,3228,https://amazon.com/gp/slredirect/picassoRedirect.html/ref=pa_sp_atf_next_aps_sr_pg4_1?ie=UTF8&adId=A0233887WQUZ1KZ8BOVZ&qualifier=1683036101&id=7737415510451813&widgetName=sp_atf_next&url=%2FBluetooth-Smartwatch-Android-Waterproof-Pressure%2Fdp%2FB0B9H43CQ9%2Fref%3Dsr_1_148_sspa%3Fkeywords%3Dwatch%26qid%3D1683036101%26sr%3D8-148-spons%26psc%3D1
BRIGADA Men's Watches Cool Black Blue Business Casual Waterproof Quartz Analog Wrist Watch for Men  ,4.2 out of 5 stars,1324,https://amazon.com/Amazing-Fashion-Minimalist-Business-Waterproof/dp/B078NVTDDP/ref=sr_1_149?keywords=watch&qid=1683036101&sr=8-149
XCZAP Outdoor Sport Watches Alarm Clock 5Bar Waterproof LED Digital Watch  ,4.4 out of 5 stars,1407,https://amazon.com/Outdoor-Sport-Watches-Waterproof-Digital/dp/B09KLN6GTV/ref=sr_1_150?keywords=watch&qid=1683036101&sr=8-150
BY BENYAR Mens Watches Chronograph Analog Quartz Movement Stylish Sports Designer Wrist Watch 30M Waterproof Elegant Gift Watch for Men  ,4.5 out of 5 stars,2731,https://amazon.com/BENYAR-Chronograph-Waterproof-Resistant-Mechanical/dp/B08B81K1Q8/ref=sr_1_151?keywords=watch&qid=1683036101&sr=8-151
YUINK Mens Digital Watch Ultra-Thin Sports Waterproof Simple Watch Stainless Steel Wrist Watch for Men Women  ,4.3 out of 5 stars,1903,https://amazon.com/YUINK-Ultra-Thin-Multifunctional-Chronograph-Minimalist/dp/B08LBRTC4R/ref=sr_1_154?keywords=watch&qid=1683036101&sr=8-154
"Smart Watch Dial/Receive Calls, Fitness Tracker 1.7'' Smartwatch for Women Men with Text/Call/Heart Rate/Sleep Monitor/AI Voice/Game 150+ Faces, Step Tracker Smart Watch for Android Phones and iOS  ",4.2 out of 5 stars,3228,https://amazon.com/gp/slredirect/picassoRedirect.html/ref=pa_sp_mtf_aps_sr_pg4_1?ie=UTF8&adId=A015338518DRTLY0K4OSQ&qualifier=1683036101&id=7737415510451813&widgetName=sp_mtf&url=%2FReceive-Fitness-Tracker-Smartwatch-Monitor%2Fdp%2FB0B6FYJNRZ%2Fref%3Dsr_1_155_sspa%3Fkeywords%3Dwatch%26qid%3D1683036101%26sr%3D8-155-spons%26psc%3D1
"Bctemno Smart Watch(Answer/Make Call), USB Charging Waterproof smartwatches Fitness Watch with Heart Rate Sleep Monitor Blood Oxygen for Android Phones and iOS Phones Women Men  ",4.2 out of 5 stars,3228,https://amazon.com/gp/slredirect/picassoRedirect.html/ref=pa_sp_mtf_aps_sr_pg4_1?ie=UTF8&adId=A02493552SJ28U4ZQX7CD&qualifier=1683036101&id=7737415510451813&widgetName=sp_mtf&url=%2FCharging-Waterproof-smartwatches-Fitness-Monitor%2Fdp%2FB0B28Q5MPF%2Fref%3Dsr_1_156_sspa%3Fkeywords%3Dwatch%26qid%3D1683036101%26sr%3D8-156-spons%26psc%3D1
Bctemno Smart Watch Fitness Tracker (Answer/Make Call) IP68 Waterproof Activity Tracker Watch with Heart Rate Monitor HD Touch Screen Fitness Tracker Watch Sleep Monitor Pedometer Watch for Woman Man  ,4.2 out of 5 stars,2152,https://amazon.com/gp/slredirect/picassoRedirect.html/ref=pa_sp_mtf_aps_sr_pg4_1?ie=UTF8&adId=A07297922KQISYNEHT6YG&qualifier=1683036101&id=7737415510451813&widgetName=sp_mtf&url=%2FBctemno-Fitness-Waterproof-Activity-Pedometer%2Fdp%2FB0B3RXX5VX%2Fref%3Dsr_1_157_sspa%3Fkeywords%3Dwatch%26qid%3D1683036101%26sr%3D8-157-spons%26psc%3D1
"Cuteluding Smart Watch, Touch Screen Smartwatch for Android iPhone, IP68 Waterproof Fitness Tracker with Heart Rate and Sleep Monitor Smart Watches Gifts for Men Women  ",4.2 out of 5 stars,1407,https://amazon.com/gp/slredirect/picassoRedirect.html/ref=pa_sp_mtf_aps_sr_pg4_1?ie=UTF8&adId=A05756741BT3IEWYBMFWW&qualifier=1683036101&id=7737415510451813&widgetName=sp_mtf&url=%2FCuteluding-Smartwatch-Android-Waterproof-Fitness%2Fdp%2FB0BFVXQ87H%2Fref%3Dsr_1_158_sspa%3Fkeywords%3Dwatch%26qid%3D1683036101%26sr%3D8-158-spons%26psc%3D1
"FORSINING Triangular Gold Shield Automatic Mechanical Watch, Oversized Dial Fully Hollowed Out Dial Design, Automatic Movement, 20MM Wide Soft Silicone Strap, Strong and Durable  ",4.2 out of 5 stars,3559,https://amazon.com/Transparent-Mechanical-Skeleton-Triangle-Silicone/dp/B09HKDQN4S/ref=sr_1_160?keywords=watch&qid=1683036101&sr=8-160
BENYAR Mens Watches Quartz Movement Chronograph Leather Strap Fashion Business Sport Design 30M Waterproof Scratch Resistant Wristwatch Elegant Watch Gifts for Men  ,4.5 out of 5 stars,3228,https://amazon.com/BENYAR-Chronograph-Analogue-Business-Waterproof/dp/B08C2X57ZH/ref=sr_1_161?keywords=watch&qid=1683036101&sr=8-161
"Smart Watch for Men iPhone Android, Smartwatch with Alexa Built-in (Answer/Make Call), 1.7"" Fitness Tracker for Heart Rate Sleep Tracking, 60 Sports, Blood Oxygen, Black  ",4.0 out of 5 stars,4883,https://amazon.com/Android-Smartwatch-Fitness-Tracker-Tracking/dp/B0B6TR1BN1/ref=sr_1_162?keywords=watch&qid=1683036101&sr=8-162
"GUIQU Smart Watch with Earbuds, Bluetooth 5.3 HiFi Sound Effect [GPS 45mm] Monitor Tracker for Health Fitness Running Sleep Cycles, US Version Compatible Android and iOS  ",3.6 out of 5 stars,9848,https://amazon.com/gp/slredirect/picassoRedirect.html/ref=pa_sp_mtf_aps_sr_pg4_1?ie=UTF8&adId=A09925952LSVWAFBXTUQG&qualifier=1683036101&id=7737415510451813&widgetName=sp_mtf&url=%2FEarbuds-Recorder-Fitness-Tracker-Monitor%2Fdp%2FB09KB5YKBJ%2Fref%3Dsr_1_163_sspa%3Fkeywords%3Dwatch%26qid%3D1683036101%26sr%3D8-163-spons%26psc%3D1
"SOUYIE Smart Watch with Bluetooth Calling, for Men Women, 1.8 Inch HD Display Blood Pressure, Heart Rate Temperature Sleep Monitor, IP67 Waterproof Fitness Tracker for Android and iOS  ",4.5 out of 5 stars,5710,https://amazon.com/gp/slredirect/picassoRedirect.html/ref=pa_sp_mtf_aps_sr_pg4_1?ie=UTF8&adId=A09737403VYC791J47QOT&qualifier=1683036101&id=7737415510451813&widgetName=sp_mtf&url=%2FSOUYIE-Bluetooth-Pressure-Temperature-Waterproof%2Fdp%2FB0BVG3HWWM%2Fref%3Dsr_1_164_sspa%3Fkeywords%3Dwatch%26qid%3D1683036101%26sr%3D8-164-spons%26psc%3D1
"aeac Smart Watch for Women Men,1.69"" Touch Screen Fitness Tracker for iPhone Android Phone IP68 Waterproof,Finess Watch with Step Calorie Counter Sleep Monitoring Pedometer Watches  ",4.0 out of 5 stars,4055,https://amazon.com/gp/slredirect/picassoRedirect.html/ref=pa_sp_mtf_aps_sr_pg4_1?ie=UTF8&adId=A1029579T14X88K7DYBH&qualifier=1683036101&id=7737415510451813&widgetName=sp_mtf&url=%2FAndroid-Waterproof-Activity-Trackers-Pedometer%2Fdp%2FB09QBVD7BY%2Fref%3Dsr_1_165_sspa%3Fkeywords%3Dwatch%26qid%3D1683036101%26sr%3D8-165-spons%26psc%3D1
"Smart Watch for Women Men (Answer/Make Calls), 1.9"" Smartwatch Fitness Tracker for Android iPhone, Waterproof Sport Digital Watches, Blood Pressure Heart Rate Monitor Step Counter Sleep Tracker-Black  ",3.9 out of 5 stars,2235,https://amazon.com/gp/slredirect/picassoRedirect.html/ref=pa_sp_mtf_aps_sr_pg4_1?ie=UTF8&adId=A05808622HBYYXJ9VC23Q&qualifier=1683036101&id=7737415510451813&widgetName=sp_mtf&url=%2FSmartwatch-Fitness-Waterproof-Pressure-Tracker-Black%2Fdp%2FB0BGMWYY8L%2Fref%3Dsr_1_166_sspa%3Fkeywords%3Dwatch%26qid%3D1683036101%26sr%3D8-166-spons%26psc%3D1
FANMIS Mens Military Multifunction Digital LED Watch Electronic Waterproof Alarm Quartz Sports Watch  ,4.4 out of 5 stars,1490,https://amazon.com/Fanmis-Military-Multifunction-Electronic-Waterproof/dp/B00QAY4C4U/ref=sr_1_167?keywords=watch&qid=1683036101&sr=8-167
Invicta Men's 1270 Specialty Chronograph Gold Dial 18k Gold Ion-Plated Stainless Steel Watch  ,4.6 out of 5 stars,5710,https://amazon.com/Invicta-1270-Specialty-Chronograph-Ion-Plated/dp/B005D3YMKI/ref=sr_1_168?keywords=watch&qid=1683036101&sr=8-168
Someone to Watch Over Me [Blu-ray]  ,4.6 out of 5 stars,1241,https://amazon.com/Someone-Watch-Over-Me-Blu-ray/dp/B07KZ4MPCH/ref=sr_1_169?keywords=watch&qid=1683036101&sr=8-169
L LAVAREDO Mens Digital Watch - Sports Military Watches Waterproof Outdoor Chronograph Military Wrist Watches for Men with LED Back Ligh/Alarm/Date  ,4.4 out of 5 stars,1324,https://amazon.com/Mens-Digital-Watch-Waterproof-Chronograph/dp/B085HJ5K7V/ref=sr_1_170?keywords=watch&qid=1683036101&sr=8-170
Geneva Super Large Stretch Watch Clear Number Easy Read (White)  ,4.3 out of 5 stars,1076,https://amazon.com/Fashion-Watch-Wholesale-Geneva-Stretch/dp/B076VTWXX4/ref=sr_1_171?keywords=watch&qid=1683036101&sr=8-171
Timex Mens Camper Watch  ,4.5 out of 5 stars,2897,https://amazon.com/Timex-T49713-Expedition-Camper-Analog/dp/B00284C9U0/ref=sr_1_173?keywords=watch&qid=1683036101&sr=8-173
GOLDEN HOUR Mens Watch Fashion Sleek Minimalist Quartz Analog Mesh Stainless Steel Waterproof Chronograph Watches for Men with Auto Date  ,4.4 out of 5 stars,2731,https://amazon.com/Fashion-Stainless-Waterproof-Chronograph-Watches/dp/B07YQRKJP4/ref=sr_1_174?keywords=watch&qid=1683036101&sr=8-174
"Pautios Smart Watch, 5ATM Waterproof Fitness Tracker with Heart Rate, SpO2 and Sleep Monitor, 44mm Color Screen Fitness Watch for Women Men, Step Counter, Smartwatch Compatible with iOS Android Phones  ",4.2 out of 5 stars,1986,https://amazon.com/Pautios-Smartwatch-Waterproof-Pedometer-Compatible/dp/B09PRHRTKG/ref=sr_1_175?keywords=watch&qid=1683036101&sr=8-175
Invicta Men's Pro Diver Collection Chronograph Watch  ,4.6 out of 5 stars,5710,https://amazon.com/Invicta-0076-Collection-Chronograph-Ion-Plated/dp/B004805YJA/ref=sr_1_176?keywords=watch&qid=1683036101&sr=8-176
"Garmin Lily™, Small GPS Smartwatch with Touchscreen and Patterned Lens, Rose Gold and Light Tan  ",4.2 out of 5 stars,12331,https://amazon.com/Garmin-Small-Smartwatch-Touchscreen-Patterned/dp/B08RMFLLH2/ref=sr_1_178?keywords=watch&qid=1683036101&sr=8-178
Timex Men's South Street Sport Watch  ,4.4 out of 5 stars,3641,https://amazon.com/Timex-T2M932-Silver-Tone-Stainless-Expansion/dp/B001RNOALO/ref=sr_1_179?keywords=watch&qid=1683036101&sr=8-179
"Luoba Smart Watch, 1.69'' Full Touch Answer/Make Call Android Smartwatch for Women Men Fitness Tracker with Sleep Health Monitor Calorie Step Counter Fitness Watch Compatible Android iOS (Black)  ",4.3 out of 5 stars,2235,https://amazon.com/Luoba-Android-Smartwatch-Fitness-Compatible/dp/B09ZNQ8C55/ref=sr_1_180?keywords=watch&qid=1683036101&sr=8-180
"Smart Watch for Women with Diamonds (Answer/Make Call),1.32''Full Touch Screen Smartwatch for Android Phones,Fitness Tracker with Heart Rate/Blood Oxygen/Sleep Monitor,AI Voice with 3 Bling Straps  ",4.2 out of 5 stars,5545,https://amazon.com/Diamonds-1-32Full-Smartwatch-Android-Fitness/dp/B0BV28KRP6/ref=sr_1_181?keywords=watch&qid=1683036101&sr=8-181
Nine West Women's Bracelet Watch  ,4.4 out of 5 stars,1986,https://amazon.com/Womens-Gold-Tone-Bracelet-NW-2428FLGP/dp/B081JB2R6L/ref=sr_1_182?keywords=watch&qid=1683036101&sr=8-182
"Lyaarka Smart Watch - Fitness Tracker with Text and Call, Heart Rate and Blood Oxygen Monitor, Sleep Monitor IP68 Waterproof 1.7-inch HD Touchscreen for Men Women Compatible with iPhone & Android  ",4.3 out of 5 stars,4055,https://amazon.com/Smart-Watch-Waterproof-Touchscreen-Compatible/dp/B0B4SKB7G6/ref=sr_1_183?keywords=watch&qid=1683036101&sr=8-183
"Aptkdoe Smart Watch, Fitness Tracker with Dail Calls Speaker, 1.85"" TFT-Touch Screen IP68 Waterproof Smartwatch, 112 Sport Modes Activity Tracker with Heart Rate Monitor, Pedometer Watch for Women Men  ",4.8 out of 5 stars,4304,https://amazon.com/Aptkdoe-TFT-Touch-Waterproof-Smartwatch-Pedometer/dp/B0BZXZBYW4/ref=sr_1_185?keywords=watch&qid=1683036101&sr=8-185
Lancardo Retro Vintage Square Quartz Analog Watch Silver Tone Case Crocodile Pattern Brown Leather Business Casual Dress Wrist Watch for Christmas  ,3.9 out of 5 stars,745,https://amazon.com/Lancardo-Vintage-Crocodile-Pattern-Leather/dp/B01I9KCN0C/ref=sr_1_187?keywords=watch&qid=1683036101&sr=8-187
"SAMSUNG Galaxy Watch 4 44mm Smartwatch with ECG Monitor Tracker for Health, Fitness, Running, Sleep Cycles, GPS Fall Detection, Bluetooth, US Version, Silver  ",4.6 out of 5 stars,18124,https://amazon.com/Samsung-Galaxy-Watch-Smartwatch-Detection/dp/B096BLQZZG/ref=sr_1_188?keywords=watch&qid=1683036101&sr=8-188
"SUUNTO Core, Outdoor Sports Watch  ",4.3 out of 5 stars,15890,https://amazon.com/SUUNTO-Core-All-Black-Military/dp/B001DCEKXM/ref=sr_1_189?keywords=watch&qid=1683036101&sr=8-189
Skagen Women's Freja Stainless Steel Dress Quartz Watch  ,4.5 out of 5 stars,5131,https://amazon.com/Skagen-Womens-Freja-SKW2700-Gunmetal/dp/B077SXQ54L/ref=sr_1_191?keywords=watch&qid=1683036101&sr=8-191
"Black Smart Watch for Men(Answer/Make Calls), 1.3"" AMOLED HD Full Touchscreen Smartwatch, Compatible with Android/iOS Phones, IP68 Waterproof Fitness Tracker with Ai Voice, Heart Rate, Sleep Monitor.  ",4.2 out of 5 stars,4883,https://amazon.com/Touchscreen-Smartwatch-Compatible-Waterproof-Monitor/dp/B0BFDY2ZB8/ref=sr_1_192?keywords=watch&qid=1683036101&sr=8-192
"Fitness Tracker with Heart Rate Monitor, Fitpolo Smart Watch 1.3 inches Color Touch Screen IP68 Waterproof Step Calorie Counter Sleep Monitoring Pedometer Watches Activity Tracker for Women Men Kids  ",4.1 out of 5 stars,2731,https://amazon.com/Fitpolo-Waterproof-Monitoring-Pedometer-Activity/dp/B07Y4PT2NH/ref=sr_1_193?keywords=watch&qid=1683036101&sr=8-193
BUREI Men's Fashion Minimalist Wrist Watch Analog Date with Leather Strap  ,4.5 out of 5 stars,2235,https://amazon.com/BUREI-Fashion-Minimalist-Analog-Leather/dp/B07Q7NQ3WB/ref=sr_1_196?keywords=watch&qid=1683036101&sr=8-196
"Smart Watch for Men Women(Call Receive/Dial), Alexa Built-in, 1.7"" Touch Screen Fitness Tracker with Heart Rate Sleep Tracking, 60 Sports Modes, 5ATM Waterproof Smartwatch for Android iPhone, Pink  ",4.0 out of 5 stars,4883,https://amazon.com/Receive-Fitness-Tracking-Waterproof-Smartwatch/dp/B0BFQ5PK63/ref=sr_1_197?keywords=watch&qid=1683036101&sr=8-197
"Citizen Quartz Mens Watch, Stainless Steel with Leather strap, Casual, Black (Model: BF0580-06E)  ",4.5 out of 5 stars,6621,https://amazon.com/Citizen-Quartz-Stainless-Steel-BF0580-06E/dp/B007900UZY/ref=sr_1_198?keywords=watch&qid=1683036101&sr=8-198
OLEVS Watches for Men with Date Luxury Big Face Waterproof Mens Wristwatch Analog Dress Two Tone Stainless Steel Man Watch Luminous Relojes De Hombre Calendar(Green/Blue/Black Dial  ,4.3 out of 5 stars,3228,https://amazon.com/Stainless-Waterproof-OLEVS-Business-Luminous/dp/B08B7VY16G/ref=sr_1_199?keywords=watch&qid=1683036101&sr=8-199
Timex Women's Stretch Bangle Crisscross 25mm Watch  ,4.5 out of 5 stars,3724,https://amazon.com/Timex-TW2R98600-Crisscross-25mm-Two-Tone-Expansion/dp/B07FF9W9NZ/ref=sr_1_200?keywords=watch&qid=1683036101&sr=8-200
"AX Armani Exchange Men's Chronograph Watch with Leather, Silicone, or Steel Band  ",4.6 out of 5 stars,10345,https://amazon.com/Armani-Exchange-AX2164-Black-Watch/dp/B00VB71TVU/ref=sr_1_201?keywords=watch&qid=1683036101&sr=8-201
"Smart Watch, 1.96-Inch HD Touch Screen Smartwatch with Text and Call, Heart Rate, Blood Oxygen, and Activity Trackers - Compatible with iPhone and Android, IP68 Waterproof, for Men and Women (Blue)  ",4.0 out of 5 stars,3228,https://amazon.com/1-96-Inch-Screen-Smartwatch-Activity-Trackers/dp/B0BZPC9WD8/ref=sr_1_202?keywords=watch&qid=1683036101&sr=8-202
Timex Women's TW2R63400 Easy Reader 25mm Burgundy Croco Pattern Leather Strap Watch  ,4.5 out of 5 stars,2483,https://amazon.com/Timex-Womens-TW2R63400-Pattern-Leather/dp/B071V7XVSK/ref=sr_1_203?keywords=watch&qid=1683036101&sr=8-203
