product,title,rating,body
"Amazon.com: Customer reviews: Rayboen for Samsung Galaxy A32 5G Case Diamond Clear Designed [Anti-Yellowing] Shockproof Phone Case, Hard Back &amp; Soft TPU Bumper Hybrid Transparent Cover for Galaxy A32 5G Phone Case 6.5 inch",perfect fit,5.0,fits my galaxy a32 5g and has protected it from many falls so far.
"Amazon.com: Customer reviews: Rayboen for Samsung Galaxy A32 5G Case Diamond Clear Designed [Anti-Yellowing] Shockproof Phone Case, Hard Back &amp; Soft TPU Bumper Hybrid Transparent Cover for Galaxy A32 5G Phone Case 6.5 inch",Great phone case,5.0,"Exactly what I wanted. Protects the phone, improves holding the phone and does not add a lot bulk."
"Amazon.com: Customer reviews: Rayboen for Samsung Galaxy A32 5G Case Diamond Clear Designed [Anti-Yellowing] Shockproof Phone Case, Hard Back &amp; Soft TPU Bumper Hybrid Transparent Cover for Galaxy A32 5G Phone Case 6.5 inch","Good fit, good cutouts and buttons",5.0,"The case fit perfectly - in fact, it was a bit hard to take off so I could add a new screen protector (note, this case does not include the screen protector). That tells me that the case is likely to stay on the phone. The cutouts are perfectly placed, and I especially like the buttons that look and feel like... well, like buttons. Very pleased with this purchase."
"Amazon.com: Customer reviews: Rayboen for Samsung Galaxy A32 5G Case Diamond Clear Designed [Anti-Yellowing] Shockproof Phone Case, Hard Back &amp; Soft TPU Bumper Hybrid Transparent Cover for Galaxy A32 5G Phone Case 6.5 inch",Sturdy phone case,5.0,I ordered two and they are great cases. Lots of protection and you can add photos or stickers to the back of phone and they show through very well
"Amazon.com: Customer reviews: Rayboen for Samsung Galaxy A32 5G Case Diamond Clear Designed [Anti-Yellowing] Shockproof Phone Case, Hard Back &amp; Soft TPU Bumper Hybrid Transparent Cover for Galaxy A32 5G Phone Case 6.5 inch",Perfect,5.0,"My son did not want a phone case because he wanted his phone to be seen, but A case was something not negotiable. This case is clear, perfect, and durable against being dropped. My son has dropped his phone multiple times a couple times and the phone has been unscathed."
"Amazon.com: Customer reviews: Rayboen for Samsung Galaxy A32 5G Case Diamond Clear Designed [Anti-Yellowing] Shockproof Phone Case, Hard Back &amp; Soft TPU Bumper Hybrid Transparent Cover for Galaxy A32 5G Phone Case 6.5 inch",Great cell case,5.0,"Great case, very durable"
"Amazon.com: Customer reviews: Rayboen for Samsung Galaxy A32 5G Case Diamond Clear Designed [Anti-Yellowing] Shockproof Phone Case, Hard Back &amp; Soft TPU Bumper Hybrid Transparent Cover for Galaxy A32 5G Phone Case 6.5 inch",It was too tight,3.0,"The crystal clear design is beautiful. It's a very nice case. However, it's too tight. I thought I was going to break my phone getting it off (after I struggled too hard to get it on). Went back to the Spigen brand, as they usually get their fits dead on."
"Amazon.com: Customer reviews: Rayboen for Samsung Galaxy A32 5G Case Diamond Clear Designed [Anti-Yellowing] Shockproof Phone Case, Hard Back &amp; Soft TPU Bumper Hybrid Transparent Cover for Galaxy A32 5G Phone Case 6.5 inch",Nice case for the money,5.0,I am satisfied with the case. It seems durable.
"Amazon.com: Customer reviews: Rayboen for Samsung Galaxy A32 5G Case Diamond Clear Designed [Anti-Yellowing] Shockproof Phone Case, Hard Back &amp; Soft TPU Bumper Hybrid Transparent Cover for Galaxy A32 5G Phone Case 6.5 inch",Perfecto!!!!!!....,5.0,"Tiene buen agarre, calidad y no pesa."
"Amazon.com: Customer reviews: Rayboen for Samsung Galaxy A32 5G Case Diamond Clear Designed [Anti-Yellowing] Shockproof Phone Case, Hard Back &amp; Soft TPU Bumper Hybrid Transparent Cover for Galaxy A32 5G Phone Case 6.5 inch","Not Bulky, Very Durable, and Stylish Look.",5.0,Got this Cover / Protector for my 11 year old who absolutely demolished his first phone a year ago. This Cover / Protector should keep his phone looking newer longer.
"Amazon.com: Customer reviews: Rayboen for Samsung Galaxy A32 5G Case Diamond Clear Designed [Anti-Yellowing] Shockproof Phone Case, Hard Back &amp; Soft TPU Bumper Hybrid Transparent Cover for Galaxy A32 5G Phone Case 6.5 inch",perfect fit,5.0,fits my galaxy a32 5g and has protected it from many falls so far.
"Amazon.com: Customer reviews: Rayboen for Samsung Galaxy A32 5G Case Diamond Clear Designed [Anti-Yellowing] Shockproof Phone Case, Hard Back &amp; Soft TPU Bumper Hybrid Transparent Cover for Galaxy A32 5G Phone Case 6.5 inch",Great phone case,5.0,"Exactly what I wanted. Protects the phone, improves holding the phone and does not add a lot bulk."
"Amazon.com: Customer reviews: Rayboen for Samsung Galaxy A32 5G Case Diamond Clear Designed [Anti-Yellowing] Shockproof Phone Case, Hard Back &amp; Soft TPU Bumper Hybrid Transparent Cover for Galaxy A32 5G Phone Case 6.5 inch","Good fit, good cutouts and buttons",5.0,"The case fit perfectly - in fact, it was a bit hard to take off so I could add a new screen protector (note, this case does not include the screen protector). That tells me that the case is likely to stay on the phone. The cutouts are perfectly placed, and I especially like the buttons that look and feel like... well, like buttons. Very pleased with this purchase."
"Amazon.com: Customer reviews: Rayboen for Samsung Galaxy A32 5G Case Diamond Clear Designed [Anti-Yellowing] Shockproof Phone Case, Hard Back &amp; Soft TPU Bumper Hybrid Transparent Cover for Galaxy A32 5G Phone Case 6.5 inch",Sturdy phone case,5.0,I ordered two and they are great cases. Lots of protection and you can add photos or stickers to the back of phone and they show through very well
"Amazon.com: Customer reviews: Rayboen for Samsung Galaxy A32 5G Case Diamond Clear Designed [Anti-Yellowing] Shockproof Phone Case, Hard Back &amp; Soft TPU Bumper Hybrid Transparent Cover for Galaxy A32 5G Phone Case 6.5 inch",Perfect,5.0,"My son did not want a phone case because he wanted his phone to be seen, but A case was something not negotiable. This case is clear, perfect, and durable against being dropped. My son has dropped his phone multiple times a couple times and the phone has been unscathed."
"Amazon.com: Customer reviews: Rayboen for Samsung Galaxy A32 5G Case Diamond Clear Designed [Anti-Yellowing] Shockproof Phone Case, Hard Back &amp; Soft TPU Bumper Hybrid Transparent Cover for Galaxy A32 5G Phone Case 6.5 inch",Great cell case,5.0,"Great case, very durable"
"Amazon.com: Customer reviews: Rayboen for Samsung Galaxy A32 5G Case Diamond Clear Designed [Anti-Yellowing] Shockproof Phone Case, Hard Back &amp; Soft TPU Bumper Hybrid Transparent Cover for Galaxy A32 5G Phone Case 6.5 inch",It was too tight,3.0,"The crystal clear design is beautiful. It's a very nice case. However, it's too tight. I thought I was going to break my phone getting it off (after I struggled too hard to get it on). Went back to the Spigen brand, as they usually get their fits dead on."
"Amazon.com: Customer reviews: Rayboen for Samsung Galaxy A32 5G Case Diamond Clear Designed [Anti-Yellowing] Shockproof Phone Case, Hard Back &amp; Soft TPU Bumper Hybrid Transparent Cover for Galaxy A32 5G Phone Case 6.5 inch",Nice case for the money,5.0,I am satisfied with the case. It seems durable.
"Amazon.com: Customer reviews: Rayboen for Samsung Galaxy A32 5G Case Diamond Clear Designed [Anti-Yellowing] Shockproof Phone Case, Hard Back &amp; Soft TPU Bumper Hybrid Transparent Cover for Galaxy A32 5G Phone Case 6.5 inch","Not Bulky, Very Durable, and Stylish Look.",5.0,Got this Cover / Protector for my 11 year old who absolutely demolished his first phone a year ago. This Cover / Protector should keep his phone looking newer longer.
"Amazon.com: Customer reviews: Rayboen for Samsung Galaxy A32 5G Case Diamond Clear Designed [Anti-Yellowing] Shockproof Phone Case, Hard Back &amp; Soft TPU Bumper Hybrid Transparent Cover for Galaxy A32 5G Phone Case 6.5 inch",Perfecto!!!!!!....,5.0,"Tiene buen agarre, calidad y no pesa."
